{"AboutInvdividuals":{"AboutDevelopers":[{"name":"dragonjet","avatar":"https://graph.facebook.com/dragonjetmkii/picture","desc":"AboutProjectHead","active":1,"links":{"fb":"https://www.facebook.com/dragonjetmkii","tw":"https://twitter.com/dragonjetmkii","th":"http://www.twitch.tv/jetrico","wk":"http://kancolle.fandom.com/wiki/User:Dragonjet","gh":"https://github.com/dragonjet"}},{"name":"ReiFan49","avatar":"https://avatars2.githubusercontent.com/u/9847780?v=3&s=40","desc":"AboutDeveloper","links":{"fb":"http://facebook.com/ReiHakurei","tw":"http://twitter.com/Rei_Fan39","gh":"https://github.com/ReiFan49"}},{"name":"Javran","avatar":"http://i.imgur.com/uujxOHX.png","desc":"AboutDeveloper","links":{"gh":"https://github.com/Javran","tw":"https://twitter.com/JavranC","wb":"http://javran.github.io","we":"http://weibo.com/JavranC"}},{"name":"sinsinpub","avatar":"https://avatars3.githubusercontent.com/u/160240?v=3&s=40","desc":["AboutDeveloper","日本語"],"active":1,"links":{"gh":"https://github.com/sinsinpub","tw":"http://twitter.com/sinsinpub"}},{"name":"nonsensed","avatar":"https://avatars3.githubusercontent.com/u/17221083?v=3&s=40","desc":"AboutDeveloper","active":1,"links":{"gh":"https://github.com/nonsensed"}},{"name":"fourinone41","avatar":"https://avatars0.githubusercontent.com/u/15643445?v=3&s=40","desc":["AboutDevBattleReplay"],"active":1,"links":{"gh":"https://github.com/fourinone41"}},{"name":"DynamicSTOP","avatar":"https://avatars1.githubusercontent.com/u/9434504?v=3&s=40","desc":"AboutDeveloper","active":1,"links":{"gh":"https://github.com/DynamicSTOP","fb":"https://www.facebook.com/DynamicSTOP"}},{"name":"Adrymne","avatar":"https://avatars0.githubusercontent.com/u/15857144?v=4&s=88","desc":"AboutDeveloper","active":0,"links":{"gh":"https://github.com/Adrymne"}},{"name":"Vultren","avatar":"https://avatars0.githubusercontent.com/u/10458410?v=3&s=40","desc":"AboutDeveloper","active":0,"links":{"gh":"https://github.com/Vultren"}},{"name":"Sanya V. Litvyak","avatar":"https://avatars3.githubusercontent.com/u/1585104?v=4&s=460","desc":"AboutDeveloper","active":0,"links":{"gh":"https://github.com/Nya-chan"}},{"name":"FOG_Yamato","avatar":"https://avatars2.githubusercontent.com/u/22725593?v=4&s=460","desc":"AboutDeveloper","active":1,"links":{"gh":"https://github.com/FOG-Yamato"}},{"name":"Tibi","avatar":"https://avatars2.githubusercontent.com/u/5676386?v=4&s=88","desc":"AboutDeveloper","active":1,"links":{"gh":"https://github.com/Tibowl","wk":"http://kancolle.fandom.com/wiki/User:Tibo442","tw":"http://twitter.com/FlatIsNice","wb":"http://flatisjustice.moe"}},{"name":"Tsubakura","avatar":"https://avatars0.githubusercontent.com/u/20300876?v=4&s=460","desc":["AboutDeveloper","AboutDevTester"],"active":1,"links":{"gh":"https://github.com/Tsubakura","wk":"http://kancolle.fandom.com/wiki/User:Tsubakura"}},{"name":"reinforce","avatar":"https://avatars2.githubusercontent.com/u/1038834?v=3&s=40","desc":"AboutDeveloper","active":0,"links":{"gh":"https://github.com/reinforce"}},{"name":"Dewy","avatar":"https://avatars1.githubusercontent.com/u/26541502?s=460&v=4","desc":"AboutDeveloper","active":1,"links":{"gh":"https://github.com/sorewachigauyo"}},{"name":"Chami","avatar":"https://avatars3.githubusercontent.com/u/1724041?s=60&v=4","desc":"AboutDeveloper","active":1,"links":{"gh":"https://github.com/planetarian","wb":"https://kc.piro.moe"}},{"name":"HitomaruKonpaku","avatar":"https://avatars3.githubusercontent.com/u/9608105?v=4&s=460","desc":"AboutDeveloper","active":1,"links":{"gh":"https://github.com/HitomaruKonpaku","tw":"https://twitter.com/HitomaruKonpaku"}},{"name":"bamboo3250","avatar":"https://avatars3.githubusercontent.com/u/8078323?v=3&s=40","desc":["AboutDeveloper","Tiếng Việt"],"links":{"wk":"http://kancolle.fandom.com/wiki/User:bamboo3250","gh":"https://github.com/bamboo3250","tw":"https://twitter.com/bamboo3250","px":"http://www.pixiv.net/member.php?id=3875741","da":"http://bamboo3250.deviantart.com/"}},{"name":"McDohl","avatar":"https://avatars2.githubusercontent.com/u/13024936?v=3&s=40","desc":"AboutDeveloper","links":{"gh":"https://github.com/McDohl","wk":"http://kancolle.fandom.com/wiki/User:McDohlJr","fb":"https://www.facebook.com/endruhugen"}},{"name":"nicky008","avatar":"https://avatars0.githubusercontent.com/u/10517990?v=3&s=40","desc":["AboutDeveloper","日本語"],"links":{"gh":"https://github.com/nicky008","tw":"https://twitter.com/nicky_008","fb":"https://www.facebook.com/jamesnicky008","wk":"http://kancolle.fandom.com/wiki/User:Nicky008"}},{"name":"Diablohu","avatar":"https://avatars0.githubusercontent.com/u/1946774?v=3&s=40","desc":["AboutDeveloper","简体中文"],"links":{"wb":"http://diablohu.com","gh":"https://github.com/Diablohu","tw":"https://twitter.com/Diablohu","we":"http://weibo.com/diablohu"}},{"name":"Nekoworkshop","avatar":"https://avatars1.githubusercontent.com/u/1346257?v=3&s=40","desc":["AboutDeveloper","日本語"],"links":{"gh":"https://github.com/nekoworkshop","tw":"http://twitter.com/nekoworkshop"}},{"name":"bcc32","avatar":"https://avatars0.githubusercontent.com/u/1239097?v=3&s=40","desc":"AboutDeveloper","links":{"gh":"https://github.com/bcc32","fb":"https://www.facebook.com/sezvar"}},{"name":"YukiNyaa712","avatar":"https://avatars2.githubusercontent.com/u/10284996?v=3&s=40","desc":["AboutDeveloper","한국어"],"links":{"gh":"https://github.com/YukiNyaa","wk":"http://kancolle.fandom.com/wiki/User:YukiNyaa","fb":"https://www.facebook.com/iTwilly.HJW"}}],"AboutModerators":[{"name":"mikenzb","avatar":"https://avatars3.githubusercontent.com/u/5982780?v=3&s=40","desc":["AboutModerator"],"active":1,"links":{"gh":"https://github.com/Mikenzb","st":"http://steamcommunity.com/id/mikenzb"}},{"name":"CrazyTeitoku","avatar":"https://avatars3.githubusercontent.com/u/12234182?v=3&s=40","desc":["AboutModerator","AboutDeveloper"],"links":{"wk":"http://kancolle.fandom.com/wiki/User:Crazy_teitoku"}},{"name":"LostLogia4","avatar":"https://avatars3.githubusercontent.com/u/12930396?v=3&s=40","desc":["AboutModerator","AboutDeveloper"],"active":1,"links":{"gh":"https://github.com/LostLogia4","wk":"http://kancolle.fandom.com/wiki/User:Ar-cen-ciel","hm":"http://www.himeuta.net/members/7572-lostlogia4","tw":"https://twitter.com/LostLogia4"}},{"name":"Ethrundr","avatar":"https://avatars2.githubusercontent.com/u/13522800?v=3&s=40","desc":"AboutModerator","active":1,"links":{"gh":"https://github.com/ethrundr","wk":"http://kancolle.fandom.com/wiki/User:Ethrundr","fb":"https://www.facebook.com/ethrundr","hm":"http://www.himeuta.net/members/1056-ethrundr/"}}],"AboutTranslators":[{"name":"arialypse","avatar":"https://avatars0.githubusercontent.com/u/13535817?v=3&s=40","desc":"ภาษาไทย","active":0,"links":{"gh":"https://github.com/arialypse","fb":"https://www.facebook.com/Arialypse","wk":"http://kancolle.fandom.com/wiki/User:Arialypse","yt":"https://www.youtube.com/Arialypse","wb":"http://www.zeitvier.com/"}},{"name":"kololz","avatar":"https://avatars0.githubusercontent.com/u/12908497?v=3&s=40","desc":"繁體中文","active":0,"links":{"gh":"https://github.com/kololz","fb":"https://www.facebook.com/kololz","wk":"https://kancolle.fandom.com/wiki/User:Kololz"}},{"name":"Anime-Thai","avatar":"https://avatars3.githubusercontent.com/u/14352605?v=3&s=40","desc":"ภาษาไทย","active":0,"links":{"gh":"https://github.com/Anime-Thai","fb":"https://www.facebook.com/profile.php?id=100009261752211","wb":"http://www.anime-thai.net"}},{"name":"freezebear","avatar":"https://avatars2.githubusercontent.com/u/12047229?v=3&s=40","desc":"Indonesian","active":0,"links":{"gh":"https://github.com/freezebear","fb":"https://www.facebook.com/freezebear17","tw":"https://twitter.com/freezebear17","wk":"kancolle.fandom.com/wiki/User:Freezebear"}},{"name":"hufuhufu","avatar":"https://avatars3.githubusercontent.com/u/13282383?v=3&s=40","desc":"Indonesian","active":0,"links":{"fb":"https://www.facebook.com/arifLV2","wk":"kancolle.fandom.com/wiki/User:hufuhufu"}},{"name":"vrarara","avatar":"https://avatars1.githubusercontent.com/u/13389407?v=3&s=40","desc":"Indonesian","active":0,"links":{"gh":"https://github.com/vrarara","fb":"https://www.facebook.com/bayuuyab.fu"}},{"name":"Admiral Mikado","avatar":"https://avatars2.githubusercontent.com/u/40426881?s=460&v=4","desc":"Deutsch","active":0,"links":{"gh":"https://github.com/Admiral-Mikado","wk":"http://kancolle.fandom.com/wiki/User:Admiral_Mikado"}},{"name":"Nutzer","avatar":"https://avatars1.githubusercontent.com/u/8533682?v=3&s=40","desc":"Deutsch","active":0,"links":{"gh":"https://github.com/Nutzer"}},{"name":"Arebs","avatar":"https://avatars0.githubusercontent.com/u/6851819?v=3&s=40","desc":"Deutsch","active":0,"links":{"gh":"https://github.com/Arebs"}},{"name":"Xwilarg","avatar":"https://avatars1.githubusercontent.com/u/20053454?v=3&s=40","desc":"Français","active":0,"links":{"gh":"https://github.com/Xwilarg","st":"http://steamcommunity.com/id/Xwilarg/"}},{"name":"Syntax7error","avatar":"https://avatars2.githubusercontent.com/u/21103170?v=3&s=40","desc":"Français","active":0,"links":{"gh":"https://github.com/Syntax7error","wk":"http://kancolle.fandom.com/wiki/User:Syntax_Terror"}},{"name":"Arkayda","avatar":"https://avatars1.githubusercontent.com/u/13376050?v=3&s=40","desc":"Français","active":0,"links":{"gh":"https://github.com/Arkayda963","fb":"https://www.facebook.com/ryu.nagakawa","wk":"http://kancolle.fandom.com/wiki/User:Arkayda"}},{"name":"Juuryoushin ","avatar":"../../assets/img/ui/empty.png","desc":"Français","active":0,"links":{"tw":"https://twitter.com/YoungPreta"}},{"name":"Oradimi","avatar":"https://avatars3.githubusercontent.com/u/41118330?s=460&v=4","desc":"Français,English","active":1,"links":{"gh":"https://github.com/Oradimi"}},{"name":"RanFoxRun","avatar":"https://avatars1.githubusercontent.com/u/13418956?v=3&s=40","desc":"Italiano","active":0,"links":{"gh":"https://github.com/RanFoxRun","wk":"http://kancolle.fandom.com/wiki/User:RanFoxRun"}},{"name":"rephira","avatar":"https://avatars3.githubusercontent.com/u/13478649?v=3&s=40","desc":"한국어","active":0,"links":{"gh":"https://github.com/rephira","wk":"http://kancolle.fandom.com/wiki/User:Rephira"}},{"name":"IE10","avatar":"https://avatars0.githubusercontent.com/u/24682743?v=4&s=460","desc":"한국어","active":1,"links":{"gh":"https://github.com/antest1"}},{"name":"Yuedasoldier","avatar":"../../assets/img/ui/empty.png","desc":"Tiếng Việt","active":0,"links":{"fb":"https://www.facebook.com/Raigun.da.soldier","wk":"http://kancolle.fandom.com/wiki/User:Yuedasoldier"}},{"name":"Mizarox","avatar":"../../assets/img/ui/empty.png","desc":"Português","active":0,"links":{"wk":"http://kancolle.fandom.com/wiki/User:Mizarox","fb":"https://www.facebook.com/mizael.fer"}},{"name":"RoyOzz","avatar":"../../assets/img/ui/empty.png","desc":"Русский","active":0,"links":{"wk":"http://ru.kancolle.wikia.com/wiki/%D0%A3%D1%87%D0%B0%D1%81%D1%82%D0%BD%D0%B8%D0%BA:RoyOzz","tw":"https://twitter.com/Roy_Ozz"}},{"name":"Agc0de6","avatar":"https://avatars1.githubusercontent.com/u/14156630?v=3&s=40","desc":"Русский","active":1,"links":{"wk":"http://kancolle.wikia.com/wiki/Message_Wall:Agc0de6","tw":"https://twitter.com/c0de_6","gh":"https://github.com/Agc0de6"}},{"name":"FluffyPanzer","avatar":"https://avatars2.githubusercontent.com/u/10162193?v=3&s=40","desc":"Español","active":0,"links":{"gh":"https://github.com/FluffyPanzer"}},{"name":"Kvazikvark","avatar":"https://avatars2.githubusercontent.com/u/14229931?v=3&s=40","desc":"Русский","active":0,"links":{"gh":"https://github.com/Kvazikvark","wk":"http://kancolle.fandom.com/wiki/User:Kvazikvark","ma":"http://myanimelist.net/profile/Kvazikvark","sk":"skype:wesker487?chat"}},{"name":"Konstantillo","avatar":"../../assets/img/ui/empty.png","desc":"Русский","active":0,"links":{"wk":"http://kancolle.fandom.com/wiki/User:Konstantillo"}},{"name":"ForteBX","avatar":"../../assets/img/ui/empty.png","desc":"Español","active":0,"links":{"wk":"http://kancolle.fandom.com/wiki/User:ForteBX","fb":"https://www.facebook.com/ForteBXBassBX","tw":"https://twitter.com/ForteBX"}},{"name":"angel84326","avatar":"https://avatars3.githubusercontent.com/u/15860898?v=3&s=40","desc":"繁體中文","active":0,"links":{"fb":"https://www.facebook.com/angel84326","wk":"http://zh.kancolle.fandom.com/wiki/User:Angel84326","wb":"https://www.flickr.com/photos/angel84326/albums","px":"http://www.pixiv.net/member.php?id=3311248","wb2":"http://home.gamer.com.tw/homeindex.php?owner=wut84326"}},{"name":"JoyceTheBleak","avatar":"https://avatars2.githubusercontent.com/u/19313885?v=3&s=40","desc":"Українська","active":0,"links":{"fb":"https://www.facebook.com/rostyslav.fed","wb":"https://vk.com/joyce_the_bleak"}},{"name":"RinaSatsu","avatar":"https://avatars1.githubusercontent.com/u/29840359?v=4&s=460","desc":"Українська","active":0,"links":{"gh":"https://github.com/RinaSatsu"}},{"name":"PajiPegasus","avatar":"https://avatars2.githubusercontent.com/u/24373879?v=3&s=40","desc":"繁體中文","active":0,"links":{"gh":"https://github.com/PajiPegasus"}},{"name":"Rys3t","avatar":"https://avatars2.githubusercontent.com/u/25607118?v=3&s=40","desc":"繁體中文","active":0,"links":{"gh":"https://github.com/Rys3t"}},{"name":"TrickLin","avatar":"https://avatars2.githubusercontent.com/u/8099890?s=88&v=4","desc":"简体中文","active":0,"links":{"gh":"https://github.com/TrickLin"}},{"name":"RandomGuyB5","avatar":"https://avatars1.githubusercontent.com/u/40309140?s=460&v=4","desc":"Deutsch","active":0,"links":{"gh":"https://github.com/RandomGuyB5"}},{"name":"whitekiw","avatar":"https://avatars2.githubusercontent.com/u/42760071?s=460&v=4","desc":"한국어","active":1,"links":{"gh":"https://github.com/whitekiw"}},{"name":"ShinDes","avatar":"https://avatars3.githubusercontent.com/u/35944727?s=460&v=4","desc":"Español","active":0,"links":{"gh":"https://github.com/ShinHKPDes"}},{"name":"魁の光","avatar":"https://avatars.githubusercontent.com/u/17513773?v=4","desc":"Tiếng Việt","active":0,"links":{"gh":"https://github.com/haidang10897"}},{"name":"Jurrunio","avatar":"https://avatars.githubusercontent.com/u/59234041?s=88&v=4","desc":"繁體中文","active":1,"links":{"gh":"https://github.com/Jurrunio","tw":"https://twitter.com/Jurrunio"}}],"AboutForkContributors":[{"name":"kyoushuu","avatar":"https://avatars2.githubusercontent.com/u/2142097?v=3&s=40","desc":"AboutDeveloper","active":0,"links":{"gh":"https://github.com/kyoushuu"}},{"name":"tmerta","avatar":"https://avatars0.githubusercontent.com/u/2845736?v=3&s=40","desc":"AboutDeveloper","active":0,"links":{"gh":"https://github.com/tmerta"}},{"name":"nevrending","avatar":"https://avatars3.githubusercontent.com/u/4745298?v=3&s=40","desc":"AboutDeveloper","active":0,"links":{"gh":"https://github.com/nevrending","wk":"http://kancolle.fandom.com/wiki/User:NevREnding","fb":"https://www.facebook.com/y458m","tw":"https://twitter.com/yefta458","wb":"https://yefta.com"}},{"name":"reynn","avatar":"https://avatars2.githubusercontent.com/u/224374?v=3&s=40","desc":"AboutDeveloper","active":0,"links":{"gh":"https://github.com/reynn"}},{"name":"hd7771","avatar":"https://avatars3.githubusercontent.com/u/7695245?s=460&v=4","desc":"AboutDeveloper","active":0,"links":{"gh":"https://github.com/107nationalstation"}},{"name":"Prince Yang","avatar":"https://avatars3.githubusercontent.com/u/7968263?s=460&v=4","desc":"AboutDeveloper","active":0,"links":{"gh":"https://github.com/ptyang"}},{"name":"Jebzou","avatar":"https://avatars0.githubusercontent.com/u/22751386?s=460&v=4","desc":"AboutDeveloper","active":0,"links":{"gh":"https://github.com/Jebzou","tw":"https://twitter.com/Jebzou"}},{"name":"abs15986","avatar":"https://avatars2.githubusercontent.com/u/13902881?s=60&v=4","desc":"简体中文","active":0,"links":{"gh":"https://github.com/abs15986"}},{"name":"MZI","avatar":"https://avatars1.githubusercontent.com/u/14719366?s=460&v=4","desc":"简体中文","active":0,"links":{"gh":"https://github.com/MZIchenjl"}},{"name":"redpizza","avatar":"https://avatars2.githubusercontent.com/u/31765780?s=460&v=4","desc":"日本語","active":0,"links":{"gh":"https://github.com/redpizza"}},{"name":"Ning Humbert","avatar":"https://avatars1.githubusercontent.com/u/8641779?s=460&v=4","desc":["简体中文","日本語"],"active":0,"links":{"gh":"https://github.com/lackofdream"}},{"name":"Felix Suwito","avatar":"https://avatars3.githubusercontent.com/u/19694373?s=460&v=4","desc":"Indonesian","active":0,"links":{"gh":"https://github.com/flixwito"}},{"name":"Trần Quốc Hưng","avatar":"https://avatars3.githubusercontent.com/u/23023212?s=460&v=4","desc":"Tiếng Việt","active":0,"links":{"gh":"https://github.com/mw3tv123"}},{"name":"MacBread","avatar":"https://avatars1.githubusercontent.com/u/37400313?s=460&v=4","desc":"한국어","active":0,"links":{"gh":"https://github.com/MacBread"}},{"name":"dotsidious","avatar":"https://avatars.githubusercontent.com/u/106551196?v=4","desc":"English","active":1,"links":{"gh":"https://github.com/dotsidious"}},{"name":"yuanmaxmax","avatar":"https://avatars.githubusercontent.com/u/73090916?v=4","desc":"繁體中文","active":1,"links":{"gh":"https://github.com/yuanmaxmax"}}],"AboutTesters":[{"name":"Tedster","avatar":"https://avatars1.githubusercontent.com/u/21696818?v=3&s=40","desc":"AboutModerator","active":1,"links":{"gh":"https://github.com/Tedster59","wb":"http://forum.worldofwarships.com/index.php?/user/tedster-1001311062/"}},{"name":"Erupi","avatar":"https://avatars1.githubusercontent.com/u/12823927?v=3&s=40","desc":"AboutDevTester","active":0,"links":{"wk":"http://kancolle.fandom.com/wiki/User:Erupi","gh":"https://github.com/Erupi"}},{"name":"AlanSchaeffer","avatar":"https://avatars1.githubusercontent.com/u/11778507?v=3&s=40","desc":"AboutDevTester","active":0,"links":{"gh":"https://github.com/AlanSchaeffer"}},{"name":"Nanamin","avatar":"https://avatars3.githubusercontent.com/u/13080673?v=3&s=40","desc":"AboutDevTester","active":0,"links":{"gh":"https://github.com/madobe","wk":"http://kancolle.fandom.com/wiki/User:Nanamin"}},{"name":"NicolaosGreene","avatar":"https://avatars1.githubusercontent.com/u/3627763?v=3&s=40","desc":"AboutDevTester","active":0,"links":{"gh":"https://github.com/NicolaosGreene","st":"http://steamcommunity.com/profiles/76561198023180048/","hm":"http://www.himeuta.net/members/8927-nicolaos/","wk":"http://kancolle.fandom.com/wiki/User:NicolaosGreene"}},{"name":"Reddo-KanColle","avatar":"https://avatars2.githubusercontent.com/u/14126825?v=3&s=40","desc":"AboutDevTester","active":0,"links":{"gh":"https://github.com/Reddo-KanColle"}},{"name":"SerialConvort","avatar":"https://avatars2.githubusercontent.com/u/14229496?v=3&s=40","desc":"AboutDevTester","active":0,"links":{"gh":"https://github.com/SerialConvort","wk":"http://kancolle.fandom.com/wiki/User:SerialConvort"}},{"name":"HKGPsy ","avatar":"https://avatars2.githubusercontent.com/u/16491462?v=3&s=40","desc":"AboutReporter","active":0,"links":{"gh":"https://github.com/HKGPsy"}},{"name":"SanaNoHana","avatar":"https://avatars0.githubusercontent.com/u/12227168?v=3&s=40","desc":"AboutReporter","active":0,"links":{"gh":"https://github.com/SanaNoHana","hm":"http://www.himeuta.net/members/3906-sananohana/"}},{"name":"URSvAir14","avatar":"https://avatars0.githubusercontent.com/u/12261357?v=3&s=40","desc":"AboutReporter","active":0,"links":{"gh":"https://github.com/URSvAir14"}},{"name":"lott10","avatar":"https://avatars1.githubusercontent.com/u/12295836?v=3&s=40","desc":"AboutReporter","active":0,"links":{"gh":"https://github.com/lott10"}},{"name":"BWinkKeyShellDinkInc","avatar":"https://avatars0.githubusercontent.com/u/12371701?v=3&s=40","desc":"AboutReporter","active":0,"links":{"gh":"https://github.com/BWinkKeyShellDinkInc","wk":"http://kancolle.fandom.com/wiki/User:BWinkKeyShellDinkInc"}},{"name":"dustfan","avatar":"https://avatars0.githubusercontent.com/u/12269598?v=3&s=40","desc":"AboutReporter","active":0,"links":{"gh":"https://github.com/dustfan","wk":"http://kancolle.fandom.com/wiki/User:DustFan"}},{"name":"Matty Chan","avatar":"https://avatars0.githubusercontent.com/u/21363469?v=4&s=460","desc":"AboutReporter","active":0,"links":{"gh":"https://github.com/Accelyte"}}],"AboutOtherContributors":[{"name":"JDKurotoshigami","avatar":"https://graph.facebook.com/JDKurotoshigami.Artworks/picture","desc":"AboutLogo","active":1,"links":{"fb":"https://www.facebook.com/JDKurotoshigami.Artworks","tw":"https://twitter.com/JDKurotoshigami","px":"http://www.pixiv.net/member.php?id=11090147","da":"http://jd-kurotoshigami.deviantart.com"}},{"name":"tykez269","avatar":"http://a.deviantart.net/avatars/t/y/tykez269.jpg","desc":"AboutFairy","active":1,"links":{"da":"http://tykez269.deviantart.com"}},{"name":"cyrismustang","avatar":"https://avatars0.githubusercontent.com/u/2325537?v=3&s=40","desc":"AboutDevBadgeGen","active":1,"links":{"gh":"https://github.com/cyrismustang","hm":"http://himeuta.org/member.php?525-Ryuuhou-Kagiyama"}},{"name":"gakada","avatar":"https://avatars3.githubusercontent.com/u/13043588?v=3&s=40","desc":"AboutSubtitleFormula","active":1,"links":{"gh":"https://github.com/gakada","wk":"http://kancolle.fandom.com/wiki/User:%E3%81%8C%E3%81%8B","wb":"https://github.com/gakada/KanColleViewer"}},{"name":"mdms-scott","avatar":"https://avatars3.githubusercontent.com/u/352181?v=3&s=40","desc":"AboutWikiaScrape","active":1,"links":{"gh":"https://github.com/mdms-scott","wb":"https://github.com/mdms-scott/kk_wiki_scraper"}}]},"AboutPartners":[{"name":"AboutPartnerZHKcWikiName","desc":"AboutPartnerZHKcWikiDesc","image":"kcwiki.png","links":["https://zh.kcwiki.cn"]},{"name":"AboutPartnerPoiStatsName","desc":"AboutPartnerPoiStatsDesc","image":"https://raw.githubusercontent.com/poooi/poi/master/assets/icons/icon.png","links":["https://db.kcwiki.cn"]},{"name":"AboutPartnerWhoCallsName","desc":"AboutPartnerWhoCallsDesc","image":"https://raw.githubusercontent.com/Diablohu/WhoCallsTheFleet/master/app/assets/images/appicon.png","links":["https://fleet.diablohu.com","https://github.com/Diablohu/WhoCallsTheFleet"]},{"name":"AboutPartnerThreeBardsName","desc":"AboutPartnerThreeBardsDesc","image":"badge.png","links":["http://www.sanya.moe/kcbadge/","http://threebards.com"]},{"name":"AboutPartnerKCCalcName","desc":"AboutPartnerKCCalcDesc","image":"http://kancolle-calc.net/favicon.ico","links":["http://kancolle-calc.net"]},{"name":"AboutPartnerKCTHFBName","desc":"AboutPartnerKCTHFBDesc","image":"https://graph.facebook.com/KC.TH.Translators/picture","links":["https://www.facebook.com/KC.TH.Translators"]},{"name":"AboutPartnerKCNavName","desc":"AboutPartnerKCNavDesc","image":"https://tsunkit.net/favicon.ico","links":["https://tsunkit.net/"]},{"name":"AboutPartnerKCImgBuilderName","desc":"AboutPartnerKCImgBuilderDesc","image":"https://kancolleimgbuilder.web.app/favicon.ico","links":["https://github.com/HitomaruKonpaku/KanColleImgBuilder","https://github.com/Nishisonic/gkcoi"]}],"AboutOtherCredits":[{"name":"gakada","desc":["AboutSourceGakadaVoices"],"link":"https://github.com/KC3Kai/KC3Kai/issues/1180"},{"name":"mdms-scott","desc":["AboutSourceMdmsScottQuotes"],"link":"https://github.com/mdms-scott/kk_wiki_scraper"},{"name":"Devourix","desc":["AboutSubtitleHelp","TH"]},{"name":"alphaelite21","desc":["AboutSubtitleHelp","TH"]},{"name":"imotionzero","desc":["AboutSubtitleHelp","TH"]},{"name":"I3eaTer","desc":["AboutSubtitleHelp","TH"]},{"name":"AloneNeko","desc":["AboutSubtitleHelp","TH"]},{"name":"DevastatorTH","desc":["AboutSubtitleHelp","TH"]},{"name":"Nekomimiz","desc":["AboutSubtitleHelp","TH"]},{"name":"apaapa(阿帕)","desc":["AboutSubtitleHelp","TCN"],"link":"https://www.ptt.cc/bbs/KanColle/M.1388052194.A.81A.html"},{"name":"舰娘百科","desc":["AboutSubtitleHelp","JP"],"link":"https://github.com/kcwikizh/KcwikiAPI/issues/2"},{"name":"Tsubakura","desc":["AboutSubtitleHelp","EN"]},{"name":"大天使25","desc":["AboutSubtitleHelp","EN"]},{"name":"LordCerberus","desc":["AboutSubtitleHelp","EN"]},{"name":"Gerryan","desc":["AboutSubtitleHelp","EN"]},{"name":"Furmano","desc":["AboutSubtitleHelp","EN"]},{"name":"Asylvanus","desc":["AboutSubtitleHelp","EN"]},{"name":"Fujihita","desc":["AboutSubtitleHelp","EN"]},{"name":"Mike Koenig","desc":["AboutSourceHeartSound"],"link":"http://soundbible.com/1707-Hearbeat-2.html"},{"name":"欧米嘉·风焰","desc":["AboutSampleBattleData"],"link":"https://github.com/KC3Kai/KC3Kai/issues/1652#issuecomment-266793051"},{"name":"yukixz","desc":["AboutCompleteMapNodes"],"link":"https://github.com/yukixz/kcmap"}],"AboutDonators":[["y7h65",""],["Rexlent",""],["Tempest 101","$2"],["mikenzb","$15"],["Lychwee","$2.30"],["Ingarson","$8"],["Meter55","$4.02"],["jerryjiahaha","$10"]]}