{"World 1-1":{"1":["Start","A"],"2":["A","B"],"3":["A","C"]},"World 1-2":{"1":["Start","A"],"2":["Start","B"],"3":["B","C"],"4":["A","D"],"5":["A","E"],"6":["D","E"]},"World 1-3":{"1":["Start","A"],"2":["D","B"],"3":["Start","C"],"4":["A","D"],"5":["A","E"],"6":["C","F"],"7":["H","G"],"8":["F","H"],"9":["H","I"],"10":["F","J"],"11":["B","E"],"12":["E","F"],"13":["H","J"]},"World 1-4":{"1":["Start","A"],"2":["Start","B"],"3":["B","C"],"4":["A","D"],"5":["D","E"],"6":["C","F"],"7":["D","G"],"8":["E","H"],"9":["F","I"],"10":["G","J"],"11":["J","K"],"12":["H","L"],"13":["B","D"],"14":["F","E"],"15":["F","H"],"16":["I","L"],"17":["J","L"]},"World 1-5":{"1":["Start","A"],"2":["C","B"],"3":["E","C"],"4":["A","D"],"5":["D","E"],"6":["D","F"],"7":["F","G"],"8":["G","H"],"9":["F","I"],"10":["C","J"],"11":["E","J"],"12":["G","J"]},"World 1-6":{"1":["Start","A"],"2":["Start","C"],"3":["A","E"],"4":["E","G"],"5":["C","H"],"6":["G","K"],"7":["K","M"],"8":["M","L"],"9":["M","J"],"10":["L","I"],"11":["J","D"],"12":["G","F"],"13":["F","B"],"14":["D","N"],"15":["H","K"],"16":["I","D"],"17":["B","N"]},"World 2-1":{"1":["B","A"],"2":["C","B"],"3":["Start","C"],"4":["C","D"],"5":["C","E"],"6":["E","F"],"7":["F","G"],"8":["D","H"],"9":["E","D"],"10":["E","H"],"11":["F","H"]},"World 2-2":{"1":["B","A"],"2":["C","B"],"3":["Start","C"],"4":["C","D"],"5":["C","E"],"6":["E","F"],"7":["E","G"],"8":["F","H"],"9":["H","I"],"10":["H","J"],"11":["E","K"],"12":["G","H"],"13":["G","K"],"14":["H","K"]},"World 2-3":{"1":["Start","A"],"2":["Start","B"],"3":["Start","C"],"4":["A","D"],"5":["B","E"],"6":["C","F"],"7":["D","G"],"8":["F","H"],"9":["G","I"],"10":["F","J"],"11":["G","K"],"12":["J","L"],"13":["J","M"],"14":["J","N"],"15":["C","D"],"16":["D","F"],"17":["E","F"],"18":["F","G"],"19":["I","K"],"20":["K","N"]},"World 2-4":{"1":["F","A"],"2":["Start","B"],"3":["B","C"],"4":["E","D"],"5":["I","E"],"6":["C","F"],"7":["B","G"],"8":["G","H"],"9":["H","I"],"10":["F","J"],"11":["I","K"],"12":["H","L"],"13":["J","M"],"14":["K","N"],"15":["K","O"],"16":["L","P"],"17":["C","G"],"18":["J","L"],"19":["K","L"],"20":["L","M"],"21":["M","P"]},"World 2-5":{"1":["B","A"],"2":["Start","B"],"3":["Start","C"],"4":["C","D"],"5":["C","E"],"6":["B","F"],"7":["E","G"],"8":["I","H"],"9":["E","I"],"10":["F","J"],"11":["G","K"],"12":["G","L"],"13":["J","M"],"14":["L","N"],"15":["I","O"],"16":["F","E"],"17":["J","H"],"18":["G","I"],"19":["J","O"],"20":["L","O"]},"World 3-1":{"1":["B","A"],"2":["C","B"],"3":["Start","C"],"4":["C","D"],"5":["D","E"],"6":["C","F"],"7":["D","G"],"8":["D","F"],"9":["F","G"]},"World 3-2":{"1":["Start","A"],"2":["A","B"],"3":["Start","C"],"4":["E","D"],"5":["C","E"],"6":["E","F"],"7":["C","G"],"8":["G","H"],"9":["H","I"],"10":["G","J"],"11":["J","K"],"12":["F","L"],"13":["C","A"],"14":["G","F"],"15":["H","F"]},"World 3-3":{"1":["Start","A"],"2":["A","B"],"3":["A","C"],"4":["B","D"],"5":["C","E"],"6":["B","F"],"7":["C","G"],"8":["F","H"],"9":["G","I"],"10":["F","J"],"11":["J","K"],"12":["K","L"],"13":["G","M"],"14":["E","G"],"15":["F","G"],"16":["J","M"],"17":["K","M"]},"World 3-4":{"1":["Start","A"],"2":["Start","B"],"3":["A","C"],"4":["Start","D"],"5":["C","E"],"6":["C","F"],"7":["E","G"],"8":["B","H"],"9":["F","I"],"10":["F","J"],"11":["M","K"],"12":["H","L"],"13":["F","M"],"14":["L","N"],"15":["L","O"],"16":["J","P"],"17":["C","B"],"18":["F","G"],"19":["H","G"],"20":["D","H"],"21":["G","J"],"22":["L","J"],"23":["M","P"],"24":["N","P"]},"World 3-5":{"1":["Start","B"],"2":["B","A"],"3":["B","C"],"4":["B","D"],"5":["B","E"],"6":["Start","F"],"7":["F","G"],"8":["D","H"],"9":["H","J"],"10":["G","I"],"11":["G","K"],"12":["F","E"],"13":["C","F"],"14":["E","H"],"15":["H","K"]},"World 4-1":{"1":["Start","A"],"2":["A","B"],"3":["Start","C"],"4":["B","D"],"5":["C","E"],"6":["C","F"],"7":["D","G"],"8":["D","H"],"9":["H","I"],"10":["G","J"],"11":["F","D"],"12":["F","H"],"13":["H","J"]},"World 4-2":{"1":["Start","A"],"2":["Start","B"],"3":["A","C"],"4":["B","D"],"5":["A","E"],"6":["G","F"],"7":["C","G"],"8":["D","H"],"9":["G","I"],"10":["F","J"],"11":["H","K"],"12":["C","L"],"13":["D","C"],"14":["E","G"],"15":["H","G"],"16":["G","L"]},"World 4-3":{"1":["Start","A"],"2":["A","B"],"3":["Start","C"],"4":["Start","D"],"5":["B","E"],"6":["C","F"],"7":["B","G"],"8":["D","H"],"9":["G","I"],"10":["G","J"],"11":["F","K"],"12":["K","L"],"13":["L","M"],"14":["H","N"],"15":["A","D"],"16":["C","D"],"17":["E","G"],"18":["F","H"],"19":["G","H"],"20":["H","I"],"21":["K","N"],"22":["L","N"]},"World 4-4":{"1":["Start","A"],"2":["Start","B"],"3":["E","C"],"4":["B","D"],"5":["A","E"],"6":["B","F"],"7":["E","G"],"8":["F","H"],"9":["E","I"],"10":["G","J"],"11":["I","K"],"12":["B","A"],"13":["G","C"],"14":["D","E"],"15":["I","H"],"16":["F","I"],"17":["G","I"]},"World 4-5":{"1":["Start","A"],"2":["A","B"],"3":["Start","C"],"4":["A","D"],"5":["B","E"],"6":["C","F"],"7":["I","G"],"8":["D","H"],"9":["F","I"],"10":["I","J"],"11":["E","K"],"12":["K","L"],"13":["E","M"],"14":["M","N"],"15":["Q","O"],"16":["Q","P"],"17":["S","Q"],"18":["M","R"],"19":["R","S"],"20":["H","T"],"21":["C","D"],"22":["G","D"],"23":["G","H"],"24":["J","H"],"25":["H","K"],"26":["K","M"],"27":["O","N"],"28":["Q","N"],"29":["R","N"],"30":["K","T"],"31":["N","T"],"32":["O","T"]},"World 5-1":{"1":["Start","A"],"2":["Start","B"],"3":["B","C"],"4":["A","D"],"5":["B","E"],"6":["C","F"],"7":["E","G"],"8":["F","H"],"9":["G","I"],"10":["F","J"],"11":["D","E"],"12":["F","G"],"13":["G","J"]},"World 5-2":{"1":["Start","A"],"2":["Start","B"],"3":["B","C"],"4":["C","D"],"5":["C","E"],"6":["D","F"],"7":["D","G"],"8":["F","H"],"9":["F","I"],"10":["G","J"],"11":["L","K"],"12":["J","L"],"13":["L","M"],"14":["L","N"],"15":["F","O"],"16":["A","B"],"17":["E","F"],"18":["M","K"],"19":["G","L"],"20":["I","O"],"21":["K","O"]},"World 5-3":{"1":["B","A"],"2":["E","B"],"3":["Start","C"],"4":["Start","D"],"5":["H","E"],"6":["B","F"],"7":["D","G"],"8":["K","H"],"9":["G","I"],"10":["G","J"],"11":["O","K"],"12":["J","L"],"13":["J","M"],"14":["J","N"],"15":["I","O"],"16":["O","P"],"17":["E","Q"],"18":["C","D"],"19":["K","E"],"20":["I","J"],"21":["P","K"],"22":["L","O"],"23":["N","O"]},"World 5-4":{"1":["Start","A"],"2":["Start","B"],"3":["B","C"],"4":["A","D"],"5":["B","E"],"6":["A","F"],"7":["C","G"],"8":["E","H"],"9":["H","I"],"10":["I","J"],"11":["G","K"],"12":["G","L"],"13":["J","M"],"14":["L","N"],"15":["M","O"],"16":["L","P"],"17":["B","D"],"18":["D","E"],"19":["D","F"],"20":["F","H"],"21":["K","L"],"22":["M","P"]},"World 5-5":{"1":["Start","A"],"2":["Start","B"],"3":["A","C"],"4":["F","D"],"5":["C","E"],"6":["B","F"],"7":["E","G"],"8":["D","H"],"9":["G","I"],"10":["F","J"],"11":["B","K"],"12":["H","L"],"13":["I","M"],"14":["H","N"],"15":["M","O"],"16":["H","P"],"17":["P","Q"],"18":["O","R"],"19":["O","S"],"20":["E","H"],"21":["I","L"],"22":["M","L"],"23":["N","M"],"24":["L","N"],"25":["N","O"],"26":["J","P"],"27":["K","P"],"28":["P","S"]},"World 6-1":{"1":["Start","B"],"2":["Start","A"],"3":["Start","C"],"4":["A","D"],"5":["A","F"],"6":["F","G"],"7":["G","I"],"8":["G","H"],"9":["H","E"],"10":["H","J"],"11":["H","K"],"12":["C","F"],"13":["D","F"]},"World 6-2":{"1":["Start","B"],"2":["Start","C"],"3":["C","A"],"4":["B","D"],"5":["D","F"],"6":["C","E"],"7":["D","H"],"8":["H","G"],"9":["F","I"],"10":["E","J"],"11":["H","K"],"12":["B","C"],"13":["C","D"],"14":["E","F"],"15":["I","G"],"16":["E","I"],"17":["I","K"],"18":["J","K"]},"World 6-3":{"1":["Start","A"],"2":["A","B"],"3":["A","C"],"4":["B","D"],"5":["C","E"],"6":["E","F"],"7":["E","G"],"8":["F","H"],"9":["H","I"],"10":["H","J"],"11":["D","E"],"12":["G","H"]},"World 6-4":{"1":["Start","A"],"2":["Start","B"],"3":["D","C"],"4":["A","D"],"5":["A","E"],"6":["C","F"],"7":["E","G"],"8":["K","H"],"9":["J","I"],"10":["H","J"],"11":["M","K"],"12":["J","L"],"13":["Start","M"],"14":["F","N"],"15":["B","D"],"16":["E","D"],"17":["G","D"],"18":["K","J"],"19":["L","I"],"20":["I","N"],"21":["J","N"]},"World 6-5":{"1":["Start","A"],"2":["Start","B"],"3":["A","C"],"4":["C","D"],"5":["C","E"],"6":["B","F"],"7":["D","G"],"8":["E","H"],"9":["E","I"],"10":["I","J"],"11":["G","K"],"12":["J","L"],"13":["G","M"],"14":["B","C"],"15":["H","G"],"16":["I","H"],"17":["F","I"],"18":["J","M"]},"World 7-1":{"1":["B","A"],"2":["Start","B"],"3":["A","C"],"4":["Start","D"],"5":["C","E"],"6":["Start","F"],"7":["E","G"],"8":["G","H"],"9":["H","I"],"10":["H","J"],"11":["H","K"],"12":["B","C"],"13":["D","C"],"14":["D","E"],"15":["F","G"]},"World 7-2":{"1":["Start","A"],"2":["Start","B"],"3":["Start","C"],"4":["C","D"],"5":["C","E"],"6":["E","F"],"7":["E","G"],"8":["A","B"],"9":["B","C"],"10":["D","H"],"11":["D","I"],"12":["I","J"],"13":["J","K"],"14":["I","L"],"15":["I","M"],"16":["H","I"]},"World 7-3":{"1":["Start","A"],"2":["A","B"],"3":["A","C"],"4":["C","D"],"5":["C","E"],"6":["D","F"],"7":["B","C"],"8":["D","E"],"9":["D","G"],"10":["G","H"],"11":["C","I"],"12":["G","J"],"13":["G","K"],"14":["I","L"],"15":["I","M"],"16":["M","N"],"17":["M","O"],"18":["G","P"],"19":["G","I"],"20":["I","J"],"21":["J","M"],"22":["L","M"],"23":["J","P"],"24":["K","P"],"25":["M","P"]},"World 7-4":{"1":["Start","A"],"2":["A","B"],"3":["A","C"],"4":["C","D"],"5":["B","E"],"6":["D","F"],"7":["E","G"],"8":["F","H"],"9":["G","I"],"10":["E","J"],"11":["H","K"],"12":["G","L"],"13":["K","M"],"14":["M","N"],"15":["M","O"],"16":["J","P"],"17":["C","E"],"18":["F","J"],"19":["J","K"],"20":["J","L"],"21":["K","P"],"22":["L","P"],"23":["M","P"]},"World 7-5":{"1":["Start","A"],"2":["A","B"],"3":["B","C"],"4":["B","D"],"5":["D","E"],"6":["D","F"],"7":["F","G"],"8":["G","H"],"9":["H","I"],"10":["F","J"],"11":["H","K"],"12":["C","D"],"13":["E","F"],"14":["I","L"],"15":["I","M"],"16":["J","N"],"17":["N","O"],"18":["O","P"],"19":["O","Q"],"20":["L","M"],"21":["J","O"],"22":["P","R"],"23":["P","S"],"24":["P","T"],"25":["R","T"]},"World 31-1":{"1":["Start","A"],"2":["A","B"],"3":["A","C"],"4":["A","D"],"5":["C","E"],"6":["A","F"],"7":["F","G"],"8":["D","Z"],"9":["B","D"],"10":["E","Z"]},"World 31-2":{"1":["Start","A"],"2":["A","B"],"3":["A","C"],"4":["B","D"],"5":["B","E"],"6":["C","F"],"7":["D","G"],"8":["F","H"],"9":["C","I"],"10":["I","J"],"13":["G","Z"],"14":["E","G"],"15":["J","H"],"17":["H","Z"]},"World 31-3":{"1":["Start","A"],"2":["A","B"],"3":["A","C"],"4":["B","D"],"5":["C","E"],"6":["D","F"],"7":["F","G"],"8":["E","H"],"9":["F","I"],"11":["D","X"],"12":["G","Z"],"13":["C","D"],"14":["D","E"],"16":["H","Z"]},"World 31-4":{"1":["Start","A"],"2":["Start","B"],"3":["A","C"],"4":["B","D"],"5":["C","E"],"6":["D","F"],"7":["E","G"],"8":["F","H"],"9":["F","I"],"10":["I","J"],"13":["G","Z"],"14":["D","E"],"15":["I","H"],"16":["J","H"],"18":["H","Z"]},"World 31-5":{"1":["Start","A"],"2":["Start","B"],"3":["A","C"],"4":["E","D"],"5":["B","E"],"6":["C","F"],"8":["D","H"],"9":["F","I"],"10":["H","J"],"11":["I","K"],"14":["K","Z"],"15":["B","C"],"16":["D","F"]},"World 31-6":{"1":["Start","A"],"3":["Start","C"],"4":["A","D"],"5":["C","E"],"7":["E","G"],"8":["G","H"],"10":["F","J"],"11":["J","K"],"12":["H","L"],"13":["J","M"],"15":["C","O"],"17":["K","Z"],"19":["F","J"],"20":["G","F"],"22":["L","Z"]},"World 31-7":{"1":["B","A"],"2":["Start","B"],"3":["A","C"],"4":["X","D"],"5":["Start","E"],"6":["D","F"],"7":["E","G"],"8":["D","H"],"9":["G","I"],"10":["G","J"],"11":["I","K"],"12":["J","L"],"13":["J","M"],"17":["B","X"],"18":["H","Y"],"19":["L","Z"],"20":["F","G"],"21":["H","J"],"22":["Y","L"],"23":["K","M"],"25":["J","Y"],"26":["M","Z"]},"World 32-1":{"1":["Start","A"],"2":["Start","B"],"3":["A","C"],"4":["C","D"],"5":["B","E"],"6":["D","F"],"7":["F","I"],"8":["E","H"],"9":["E","G"],"10":["F","J"],"11":["B","C"],"12":["E","F"],"13":["F","H"],"14":["H","J"]},"World 32-2":{"1":["Start","A"],"2":["Start","B"],"3":["A","C"],"4":["A","D"],"5":["B","E"],"6":["D","F"],"7":["E","H"],"8":["C","G"],"9":["F","I"],"10":["I","J"],"11":["H","K"],"12":["D","E"],"13":["H","F"],"14":["F","G"],"15":["H","I"],"16":["G","I"],"17":["J","K"]},"World 32-3":{"1":["Start","A"],"2":["A","B"],"3":["A","C"],"4":["C","D"],"5":["C","E"],"6":["B","F"],"7":["D","G"],"8":["I","H"],"9":["G","I"],"10":["H","J"],"11":["H","K"],"12":["F","E"],"13":["E","G"]},"World 32-4":{"1":["Start","A"],"2":["A","B"],"3":["B","C"],"4":["Start","D"],"5":["C","E"],"6":["B","F"],"7":["E","G"],"8":["G","H"],"9":["F","I"],"10":["H","J"],"11":["I","K"],"12":["N","L"],"13":["K","M"],"14":["K","N"],"15":["N","O"],"16":["D","E"],"17":["E","F"],"18":["H","I"],"19":["J","K"]},"World 32-5":{"1":["Start","A"],"2":["A","B"],"3":["A","C"],"5":["B","E"],"6":["C","F"],"7":["C","G"],"8":["E","H"],"9":["F","I"],"10":["G","J"],"11":["J","K"],"12":["K","L"],"13":["L","M"],"14":["L","N"],"19":["I","J"]},"World 33-1":{"1":["Start","A"],"2":["Start","B"],"3":["D","C"],"4":["F","D"],"5":["A","E"],"6":["B","F"],"7":["E","G"],"8":["I","H"],"9":["G","I"],"10":["D","J"],"11":["H","D"],"12":["E","F"]},"World 33-2":{"1":["Start","A"],"2":["A","B"],"3":["Start","C"],"4":["C","D"],"5":["A","E"],"6":["B","F"],"7":["C","G"],"8":["F","H"],"9":["E","I"],"10":["H","J"],"11":["G","K"],"12":["H","L"],"13":["J","M"],"14":["K","N"],"15":["M","O"],"16":["E","F"],"17":["D","G"],"18":["I","J"],"19":["K","L"],"20":["L","M"],"21":["N","O"]},"World 33-3":{"1":["Start","A"],"2":["A","B"],"3":["B","C"],"4":["B","D"],"5":["Start","E"],"6":["E","F"],"7":["D","G"],"8":["F","H"],"9":["H","I"],"10":["Start","J"],"11":["J","K"],"12":["I","L"],"13":["J","M"],"14":["P","N"],"16":["M","P"],"17":["N","Q"],"19":["G","S"],"20":["L","T"],"21":["C","D"],"22":["K","I"],"24":["Q","T"]},"World 34-1":{"1":["B","A"],"2":["Start","B"],"3":["A","C"],"4":["B","D"],"5":["C","E"],"6":["E","F"],"7":["E","G"],"8":["G","H"],"9":["F","I"],"10":["H","J"],"11":["G","K"],"12":["D","E"],"13":["I","G"]},"World 34-2":{"1":["Start","A"],"2":["Start","B"],"3":["A","C"],"4":["C","D"],"5":["B","E"],"6":["D","F"],"7":["F","G"],"8":["E","H"],"9":["H","I"],"10":["G","J"],"11":["E","K"],"12":["G","L"],"13":["C","E"],"14":["E","F"],"15":["I","G"]},"World 34-3":{"1":["B","A"],"2":["Start","B"],"3":["A","C"],"4":["B","D"],"5":["C","E"],"6":["D","F"],"7":["F","G"],"8":["G","H"],"9":["G","I"],"10":["G","J"],"11":["J","K"],"12":["H","L"],"13":["J","M"],"14":["C","D"],"15":["E","D"],"16":["H","J"],"17":["I","J"]},"World 34-4":{"1":["Start","A"],"2":["A","B"],"3":["B","C"],"4":["B","D"],"5":["C","E"],"6":["D","F"],"7":["Start","G"],"8":["C","H"],"9":["G","I"],"10":["I","J"],"11":["F","K"],"13":["Start","C"],"14":["D","E"],"15":["E","F"],"16":["G","H"],"17":["H","I"],"18":["J","K"]},"World 34-5":{"1":["Start","A"],"2":["A","B"],"3":["A","C"],"4":["B","D"],"5":["C","E"],"6":["D","G"],"7":["C","G"],"8":["D","H"],"9":["E","I"],"10":["F","J"],"11":["H","K"],"12":["I","L"],"13":["L","M"],"14":["C","N"],"15":["K","O"],"16":["G","I"],"18":["J","L"]},"World 34-6":{"1":["Start","A"],"2":["A","B"],"3":["A","C"],"4":["Start","D"],"5":["Start","E"],"6":["C","F"],"7":["D","G"],"8":["F","H"],"9":["E","I"],"10":["L","J"],"11":["H","K"],"12":["M","L"],"13":["K","M"],"14":["H","N"],"16":["K","P"],"17":["B","C"],"18":["G","F"],"19":["I","K"],"20":["J","N"],"21":["M","N"]},"World 34-7":{"1":["Start","A"],"2":["Start","B"],"3":["A","C"],"4":["C","D"],"5":["B","E"],"6":["C","F"],"7":["E","G"],"8":["D","H"],"9":["F","I"],"10":["I","J"],"11":["I","K"],"12":["H","L"],"13":["J","M"],"14":["L","N"],"15":["L","O"],"16":["M","P"],"17":["F","H"],"18":["G","I"],"19":["J","L"],"20":["K","M"],"21":["M","N"]},"World 35-1":{"1":["Start","A"],"2":["Start","B"],"3":["A","C"],"4":["B","D"],"5":["B","E"],"6":["C","F"],"7":["F","G"],"8":["G","H"],"9":["G","I"],"10":["B","C"],"11":["D","F"],"12":["E","F"]},"World 35-2":{"1":["C","A"],"2":["A","B"],"3":["Start","C"],"4":["C","D"],"5":["B","E"],"6":["Start","F"],"7":["E","G"],"8":["G","H"],"9":["H","I"],"10":["I","J"],"11":["J","K"],"12":["I","L"],"13":["J","M"],"14":["D","E"],"15":["F","G"]},"World 35-3":{"1":["B","A"],"2":["Start","B"],"3":["A","C"],"4":["C","D"],"5":["C","E"],"6":["D","F"],"7":["C","G"],"8":["G","H"],"9":["G","I"],"10":["H","J"],"11":["B","C"],"12":["D","G"],"13":["E","G"],"14":["F","G"]},"World 35-4":{"1":["Start","A"],"2":["Start","B"],"3":["A","C"],"4":["B","D"],"5":["B","E"],"6":["C","F"],"7":["C","G"],"8":["E","H"],"9":["F","I"],"10":["I","J"],"11":["J","K"],"12":["K","L"],"13":["L","M"],"14":["L","N"],"15":["N","O"],"16":["M","P"],"17":["M","Q"],"18":["D","F"],"19":["G","I"],"20":["H","I"],"21":["N","M"],"22":["O","M"]},"World 36-1":{"1":["Start","A"],"2":["A","B"],"3":["A","C"],"4":["B","D"],"5":["B","E"],"6":["C","F"],"7":["H","G"],"8":["D","H"],"9":["G","I"],"10":["I","J"],"11":["I","K"],"12":["H","L"],"13":["C","E"],"14":["D","E"],"15":["E","F"],"16":["E","H"],"17":["F","H"],"18":["J","L"]},"World 36-2":{"1":["Start","A"],"2":["A","B"],"3":["Start","C"],"4":["Start","D"],"5":["D","E"],"6":["B","F"],"7":["C","G"],"8":["E","H"],"9":["F","I"],"10":["G","J"],"11":["I","K"],"12":["I","L"],"13":["K","M"],"14":["L","N"],"15":["K","O"],"16":["C","F"],"17":["D","F"],"18":["F","G"],"19":["F","H"],"20":["H","I"],"21":["J","I"],"22":["L","O"]},"World 36-3":{"1":["Start","A"],"2":["Start","B"],"3":["B","C"],"4":["B","D"],"5":["B","E"],"6":["D","F"],"7":["C","G"],"8":["E","H"],"9":["E","I"],"10":["F","J"],"11":["G","K"],"12":["I","L"],"13":["A","M"],"14":["D","N"],"16":["K","P"],"17":["J","Q"],"19":["C","E"],"20":["D","E"],"21":["F","H"],"22":["I","H"],"23":["H","J"],"24":["I","K"],"25":["K","L"],"27":["L","Q"]},"World 36-4":{"1":["Start","A"],"2":["A","B"],"3":["Start","C"],"4":["C","D"],"5":["B","E"],"6":["D","F"],"7":["B","G"],"8":["C","H"],"9":["F","I"],"10":["F","J"],"11":["H","K"],"12":["K","L"],"13":["K","M"],"14":["P","N"],"15":["Start","O"],"16":["O","P"],"17":["S","Q"],"18":["N","R"],"19":["P","S"],"20":["R","T"],"21":["Q","U"],"22":["Q","V"],"23":["E","G"],"24":["E","H"],"25":["G","H"],"26":["J","H"],"27":["I","J"],"28":["P","R"],"29":["R","S"],"30":["T","S"]},"World 36-5":{"1":["D","A"],"2":["Start","B"],"3":["B","C"],"4":["F","D"],"5":["C","E"],"6":["H","F"],"7":["C","G"],"8":["I","H"],"9":["G","I"],"10":["I","J"],"11":["J","K"],"12":["J","L"],"13":["K","M"],"14":["K","N"],"15":["M","O"],"16":["O","P"],"17":["D","Q"],"18":["L","R"],"19":["P","S"],"20":["P","T"],"21":["H","D"],"22":["E","G"],"23":["L","K"],"24":["M","N"],"25":["N","O"],"26":["Start","U"],"27":["U","I"],"28":["Start","K"],"29":["Start","M"]},"World 37-1":{"1":["D","A"],"2":["A","B"],"3":["D","C"],"4":["G","D"],"5":["B","E"],"6":["C","F"],"7":["Start","G"],"8":["E","H"],"9":["H","I"],"10":["I","J"],"11":["J","K"],"12":["C","B"],"13":["F","B"],"14":["G","L"],"15":["L","M"],"16":["M","D"],"17":["I","N"]},"World 37-2":{"1":["Start","A"],"2":["A","B"],"3":["Start","C"],"4":["A","D"],"5":["B","E"],"6":["C","F"],"7":["D","G"],"8":["E","H"],"9":["F","I"],"10":["G","J"],"11":["H","K"],"12":["I","L"],"13":["K","M"],"14":["D","E"],"15":["G","F"],"16":["E","G"],"17":["J","H"],"18":["G","I"],"19":["H","J"],"20":["I","J"],"21":["J","K"]},"World 37-3":{"1":["C","A"],"2":["A","B"],"3":["Start","C"],"4":["A","D"],"5":["D","E"],"6":["E","F"],"7":["F","G"],"8":["F","H"],"9":["F","I"],"10":["H","J"],"11":["J","K"],"12":["N","L"],"13":["L","M"],"14":["K","N"],"15":["L","O"],"16":["M","P"],"17":["N","Q"],"18":["Q","R"],"19":["M","U"],"20":["B","D"],"21":["C","D"],"22":["O","N"],"23":["O","Q"],"24":["Q","U"],"25":["Start","S"],"26":["Start","T"],"27":["S","V"],"28":["S","W"],"29":["T","X"],"30":["V","J"],"31":["W","L"],"32":["X","L"]},"World 38-1":{"1":["B","A"],"2":["E","B"],"3":["A","C"],"4":["A","D"],"5":["Start","E"],"6":["E","F"],"7":["F","G"],"8":["F","H"],"9":["H","I"],"10":["H","J"],"11":["I","K"],"12":["J","L"],"13":["K","M"],"14":["L","N"],"15":["J","K"],"16":["K","L"],"17":["L","M"]},"World 38-2":{"1":["Start","A"],"2":["A","B"],"3":["B","C"],"4":["B","D"],"5":["D","E"],"6":["Start","F"],"7":["F","G"],"8":["G","H"],"9":["G","I"],"10":["N","J"],"11":["H","K"],"12":["O","L"],"13":["I","M"],"14":["P","N"],"15":["K","O"],"16":["L","P"],"17":["K","Q"],"18":["N","R"],"19":["Q","S"],"20":["C","D"],"21":["I","K"],"22":["Q","O"],"23":["M","Q"],"24":["P","R"],"25":["P","T"],"26":["Q","T"]},"World 38-3":{"1":["D","A"],"2":["A","B"],"3":["D","C"],"4":["F","D"],"5":["G","E"],"6":["H","F"],"7":["H","G"],"8":["K","H"],"9":["Start","J"],"10":["J","K"],"11":["J","N"],"12":["N","P"],"13":["N","R"],"14":["P","S"],"15":["S","T"],"16":["R","S"],"17":["K","I"],"18":["K","L"],"19":["K","M"],"20":["I","O"],"21":["L","Q"],"22":["Q","U"],"23":["U","V"],"24":["I","L"],"25":["L","O"],"26":["M","Q"],"27":["O","Q"],"28":["U","T"],"29":["S","W"]},"World 38-4":{"1":["Start","A"],"2":["A","B"],"3":["B","C"],"4":["Start","D"],"5":["C","E"],"6":["C","F"],"7":["D","G"],"8":["E","H"],"9":["H","I"],"10":["G","J"],"11":["L","K"],"12":["J","L"],"13":["K","M"],"14":["J","N"],"15":["L","O"],"16":["O","P"],"17":["N","Q"],"18":["D","A"],"19":["K","I"],"20":["P","K"],"21":["N","O"],"22":["Q","P"]},"World 38-5":{"1":["Start","A"],"2":["Start","B"],"3":["B","C"],"4":["A","D"],"5":["A","E"],"6":["C","F"],"7":["D","G"],"8":["E","H"],"9":["H","I"],"10":["I","K"],"11":["G","L"],"12":["G","M"],"13":["K","O"],"14":["L","P"],"15":["K","Q"],"16":["L","R"],"17":["O","S"],"18":["E","F"],"19":["H","G"],"20":["F","H"],"21":["H","M"],"22":["L","M"],"23":["M","Q"],"24":["M","R"],"26":["F","J"],"27":["J","N"],"28":["O","T"],"29":["J","K"],"30":["N","O"]},"World 39-1":{"1":["C","A"],"2":["D","B"],"3":["E","C"],"4":["G","D"],"5":["F","E"],"6":["Start","F"],"7":["J","G"],"8":["I","H"],"9":["Start","I"],"10":["I","J"],"11":["H","K"],"12":["J","L"],"13":["K","M"],"14":["L","N"],"15":["N","O"],"16":["C","P"],"17":["D","P"],"18":["K","Q"],"19":["L","R"],"20":["R","S"],"21":["N","R"]},"World 39-2":{"1":["Start","A"],"2":["Start","B"],"3":["A","C"],"4":["Start","D"],"5":["D","E"],"6":["C","F"],"7":["E","G"],"8":["G","H"],"9":["G","I"],"10":["F","J"],"11":["L","K"],"12":["J","L"],"13":["J","M"],"14":["L","N"],"15":["K","O"],"16":["B","A"],"17":["H","J"],"18":["F","P"],"19":["P","Q"],"20":["L","O"]},"World 39-3":{"1":["Start","A"],"2":["start","B"],"3":["A","C"],"4":["C","D"],"5":["D","E"],"6":["E","F"],"7":["F","G"],"8":["E","H"],"9":["F","I"],"10":["G","J"],"11":["I","K"],"12":["K","L"],"13":["B","C"],"14":["H","I"],"15":["I","J"],"16":["J","K"],"17":["H","M"],"18":["H","N"],"19":["M","O"],"20":["N","P"],"21":["M","Q"],"22":["M","N"],"23":["N","Q"]},"World 39-4":{"1":["Start","A"],"2":["A","B"],"3":["B","C"],"4":["Start","D"],"5":["B","E"],"6":["G","F"],"7":["C","G"],"8":["G","H"],"9":["H","I"],"10":["D","A"],"11":["H","J"],"12":["J","K"],"13":["K","L"],"14":["K","M"],"15":["M","N"],"16":["D","G"],"17":["L","M"]},"World 39-5":{"1":["Start","A"],"2":["A","B"],"3":["B","C"],"4":["B","D"],"5":["C","E"],"6":["E","F"],"7":["F","G"],"8":["E","H"],"9":["F","I"],"10":["F","J"],"11":["I","K"],"12":["K","L"],"13":["K","M"],"14":["D","E"],"15":["H","F"],"16":["H","I"],"17":["G","J"],"18":["J","K"]},"World 39-6":{"1":["Start","A"],"2":["A","B"],"3":["A","C"],"4":["B","D"],"5":["C","E"],"6":["D","F"],"7":["D","G"],"8":["F","H"],"9":["E","I"],"10":["C","D"],"11":["G","F"],"12":["E","G"],"13":["I","G"],"14":["K","J"],"15":["I","K"],"16":["J","L"],"17":["K","M"],"18":["M","N"],"19":["L","O"],"20":["M","P"],"21":["P","Q"],"22":["O","R"],"23":["P","S"],"24":["Start","K"],"25":["N","O"],"26":["N","P"],"27":["R","P"]},"World 39-7":{"1":["C","A"],"2":["A","B"],"3":["Start","C"],"4":["G","D"],"5":["A","E"],"6":["D","F"],"7":["C","G"],"8":["D","H"],"9":["E","I"],"10":["E","J"],"11":["I","K"],"12":["H","L"],"13":["L","M"],"14":["J","N"],"15":["K","O"],"16":["L","P"],"17":["O","Q"],"18":["O","R"],"19":["Q","S"],"20":["S","T"],"21":["T","U"],"22":["T","V"],"23":["B","E"],"24":["F","H"],"25":["G","H"],"26":["M","P"],"27":["N","O"],"28":["H","O"],"29":["L","O"]},"World 40-1":{"1":["Start","A"],"2":["A","B"],"3":["B","C"],"4":["G","D"],"5":["D","E"],"6":["H","F"],"7":["C","G"],"8":["E","H"],"9":["D","I"],"10":["G","J"],"11":["J","K"],"12":["K","L"],"13":["J","M"],"14":["M","N"],"15":["M","O"],"16":["N","P"],"17":["O","Q"],"18":["O","R"],"19":["O","S"]},"World 40-2":{"1":["Start","A"],"2":["A","B"],"3":["B","C"],"4":["A","D"],"5":["C","E"],"6":["B","F"],"7":["E","G"],"8":["F","H"],"9":["G","I"],"10":["G","J"],"11":["I","K"],"12":["K","L"],"13":["L","M"],"14":["M","N"],"15":["N","O"],"16":["N","P"],"17":["D","F"],"18":["F","G"],"19":["H","G"],"20":["Start","Q"],"21":["Q","I"],"22":["Q","K"],"23":["Q","L"]},"World 40-3":{"1":["Start","A"],"2":["A","B"],"3":["B","C"],"4":["B","D"],"5":["D","E"],"6":["C","F"],"7":["F","G"],"8":["C","D"],"9":["E","F"],"10":["E","H"],"11":["H","I"],"12":["H","J"],"13":["Start","B"],"15":["M","K"],"16":["K","L"],"17":["O","M"],"18":["K","N"],"19":["Start","O"],"20":["M","P"],"21":["L","Q"],"22":["P","R"],"23":["R","S"],"24":["R","T"],"25":["N","L"],"26":["P","N"],"27":["N","Q"],"28":["P","Q"],"29":["Q","R"]},"World 40-4":{"1":["Start","A"],"2":["A","B"],"3":["Start","C"],"4":["F","D"],"5":["Start","E"],"6":["C","F"],"7":["B","G"],"8":["F","H"],"9":["E","I"],"10":["G","J"],"11":["I","K"],"12":["G","L"],"13":["I","M"],"14":["M","N"],"15":["K","O"],"16":["L","P"],"17":["Start","Q"],"18":["S","R"],"19":["N","S"],"20":["O","T"],"21":["P","U"],"22":["S","V"],"23":["R","W"],"24":["V","X"],"25":["W","Y"],"26":["D","G"],"27":["G","H"],"28":["H","J"],"29":["J","L"],"30":["O","S"],"31":["S","S"],"32":["Q","T"],"33":["T","V"],"34":["S","W"],"35":["X","Y"],"36":["Start","Start"],"37":["Start","Start"],"38":["U","Z1"],"39":["Z1","Z2"],"40":["Z2","Z3"],"41":["Z3","Z4"],"42":["Z3","Z5"],"43":["Z4","Z6"],"44":["Y","Z7"],"45":["Z7","Z8"],"46":["Y","Z9"],"47":["Z8","ZZ1"],"48":["ZZ1","ZZ2"],"49":["ZZ2","ZZ3"],"50":["Z9","ZZ1"]},"World 41-1":{"1":["Start","A"],"2":["A","B"],"3":["B","C"],"4":["Start","D"],"5":["B","E"],"6":["E","F"],"7":["D","G"],"8":["E","H"],"9":["H","I"],"10":["G","J"],"11":["G","K"],"12":["I","L"],"13":["J","M"],"14":["K","N"],"15":["D","E"],"16":["J","K"],"17":["K","M"],"18":["I","O"]},"World 41-2":{"1":["Start","A"],"2":["Start","B"],"3":["A","C"],"4":["Start","D"],"5":["B","E"],"6":["E","F"],"7":["D","G"],"8":["G","H"],"9":["F","I"],"10":["G","J"],"11":["H","K"],"12":["I","L"],"13":["J","M"],"14":["L","N"],"15":["M","O"],"16":["L","P"],"17":["P","Q"],"18":["Q","R"],"19":["O","S"],"20":["Q","T"],"21":["T","U"],"22":["U","V"],"23":["V","W"],"24":["S","X"],"25":["X","Y"],"26":["W","Z"],"27":["A","B"],"28":["B","C"],"29":["C","E"],"30":["H","J"],"31":["K","J"],"32":["Start","L"],"33":["N","P"],"34":["R","T"]},"World 41-3":{"1":["Start","A"],"2":["A","B"],"3":["B","C"],"4":["A","D"],"5":["F","E"],"6":["D","F"],"7":["F","G"],"8":["G","H"],"9":["J","I"],"10":["L","J"],"11":["I","K"],"12":["Start","L"],"13":["L","M"],"14":["K","N"],"15":["N","O"],"16":["Q","P"],"17":["N","Q"],"18":["O","R"],"19":["O","S"],"20":["Q","T"],"21":["S","U"],"22":["B","D"],"23":["C","D"],"24":["M","J"],"25":["J","K"],"26":["P","O"],"27":["P","S"],"28":["Q","S"],"29":["Start","Start"],"30":["J","N"]},"World 41-4":{"1":["Start","A"],"2":["A","B"],"3":["Start","C"],"4":["B","D"],"5":["B","E"],"6":["C","F"],"7":["E","G"],"8":["F","H"],"9":["E","I"],"10":["H","J"],"11":["H","K"],"12":["I","L"],"13":["K","M"],"14":["M","N"],"15":["L","O"],"16":["Q","P"],"17":["O","Q"],"18":["S","R"],"19":["P","S"],"20":["P","T"],"21":["V","U"],"22":["S","V"],"23":["V","W"],"24":["D","E"],"25":["G","I"],"26":["J","K"],"27":["T","P"],"28":["Q","S"],"29":["Start","Start"],"30":["R","X"]},"World 41-5":{"1":["B","A"],"2":["Start","B"],"3":["Start","C"],"4":["C","D"],"5":["D","E"],"6":["G","F"],"7":["E","G"],"8":["F","H"],"9":["H","I"],"10":["I","J"],"11":["J","K"],"12":["J","L"],"13":["B","D"],"14":["C","D"],"15":["Start","Start"],"16":["N","M"],"17":["O","N"],"18":["Start","O"],"19":["M","P"],"20":["P","Q"],"21":["O","R"],"22":["R","S"],"23":["P","T"],"24":["R","N"],"25":["N","P"]},"World 41-6":{"1":["Start","A"],"2":["A","B"],"3":["B","C"],"4":["C","D"],"5":["L","E"],"6":["Start","F"],"7":["H","G"],"8":["D","H"],"9":["L","I"],"10":["F","J"],"11":["O","K"],"12":["N","L"],"13":["H","M"],"14":["J","N"],"15":["G","O"],"16":["O","P"],"17":["P","S"],"18":["P","U"],"19":["O","M"],"20":["N","O"],"21":["Start","Start"],"22":["L","Q"],"23":["Q","T"],"24":["Q","V"],"25":["O","R"],"26":["R","W"],"27":["R","T"]},"World 41-7":{"1":["Start","A"],"2":["Start","B"],"3":["B","C"],"4":["C","D"],"5":["Start","E"],"6":["E","F"],"7":["D","G"],"8":["C","H"],"9":["D","I"],"10":["F","J"],"11":["E","K"],"12":["K","L"],"13":["D","M"],"14":["J","N"],"15":["M","O"],"16":["L","P"],"17":["M","Q"],"18":["N","R"],"19":["A","E"],"20":["G","I"],"21":["J","K"],"22":["H","M"],"23":["I","M"],"24":["Start","Start"],"25":["N","S"],"26":["N","T"],"27":["T","U"],"28":["U","V"],"29":["L","Q"],"30":["S","T"],"31":["M","W"],"32":["W","X"],"33":["L","H"],"34":["B","D"],"35":["K","H"]},"World 42-1":{"1":["1","A"],"2":["A","B"],"3":["B","C"],"4":["A","D"],"5":["B","E"],"6":["E","F"],"7":["H","G"],"8":["2","H"],"9":["F","I"],"10":["C","E"],"11":["D","E"],"12":["G","E"],"13":["G","F"],"14":["2","G"]},"World 42-2":{"1":["1","A"],"2":["A","B"],"3":["A","C"],"4":["B","D"],"5":["F","E"],"6":["D","F"],"7":["F","G"],"8":["G","H"],"9":["G","I"],"10":["C","D"],"11":["D","J"],"12":["E","K"],"13":["M","L"],"14":["K","M"],"15":["K","N"],"16":["M","O"],"17":["J","E"],"18":["N","M"],"19":["2","D"]},"World 42-3":{"1":["1","A"],"2":["A","B"],"3":["A","C"],"4":["B","D"],"5":["A","E"],"6":["C","F"],"7":["H","G"],"8":["E","H"],"9":["F","I"],"10":["F","J"],"11":["J","K"],"12":["J","L"],"13":["J","M"],"14":["B","C"],"15":["C","D"],"16":["C","E"],"17":["D","F"],"18":["E","F"],"19":["G","J"],"20":["H","J"],"21":["K","M"],"22":["I","N"],"23":["I","O"],"24":["V","P"],"25":["O","Q"],"26":["O","L"],"27":["N","O"],"28":["P","O"]},"World 42-4":{"1":["1","A"],"2":["1","B"],"3":["B","C"],"4":["1","D"],"5":["C","E"],"6":["D","F"],"7":["F","G"],"8":["D","H"],"9":["H","I"],"10":["H","J"],"11":["I","K"],"12":["K","L"],"13":["K","M"],"14":["A","B"],"15":["B","D"],"16":["D","E"],"17":["E","F"],"18":["F","H"],"19":["P","N"],"20":["N","O"],"21":["Q","P"],"22":["J","Q"],"23":["Q","R"],"24":["P","O"],"25":["2","J"],"26":["2","2"],"27":["G","S"],"28":["P","T"],"29":["T","U"],"30":["Q","T"],"31":["W","V"],"32":["Q","W"],"33":["V","U"],"34":["R","W"]},"World 42-5":{"1":["C","A"],"2":["A","B"],"3":["1","C"],"4":["A","D"],"5":["D","E"],"6":["D","F"],"7":["E","G"],"8":["F","H"],"9":["F","I"],"10":["E","J"],"11":["B","D"],"12":["I","G"],"13":["I","J"],"14":["M","K"],"15":["I","L"],"16":["Q","M"],"17":["L","N"],"18":["L","O"],"19":["Q","P"],"20":["R","Q"],"21":["S","R"],"22":["T","S"],"23":["V","T"],"24":["2","U"],"25":["U","V"],"26":["O","W"],"27":["K","I"],"28":["P","K"],"29":["P","L"],"30":["T","R"],"31":["2","2"],"32":["H","X"],"33":["X","Y"],"34":["Y","Z"],"35":["Y","Z2"],"36":["K","H"],"37":["X","Z3"],"38":["M","X"],"39":["Z3","Z"],"40":["Z3","Z2"]},"World 43-1":{"1":["Start","A"],"2":["Start","B"],"3":["Start","C"],"4":["C","D"],"5":["C","E"],"6":["E","F"],"7":["F","G"],"8":["A","B"],"9":["B","C"],"10":["D","E"],"11":["B","H"],"12":["C","I"],"13":["I","J"],"14":["J","K"],"15":["C","L"],"16":["H","C"],"17":["I","L"],"18":["J","L"]},"World 43-2":{"1":["1","A"],"2":["A","B"],"3":["D","C"],"4":["1","D"],"5":["B","E"],"6":["A","F"],"7":["E","G"],"8":["J","H"],"9":["G","I"],"10":["G","J"],"11":["J","K"],"12":["F","E"],"13":["B","F"],"14":["C","F"],"15":["D","F"],"16":["E","F"],"17":["F","G"],"18":["I","L"],"19":["L","M"],"20":["M","N"],"21":["N","O"],"22":["N","P"],"23":["2","Q"],"24":["2","R"],"25":["R","S"],"26":["R","T"],"27":["R","U"],"28":["U","V"],"29":["V","W"],"30":["V","X"],"31":["Q","I"],"32":["U","L"],"33":["S","U"],"34":["T","U"],"36":["U","M"],"37":["M","P"]},"World 43-3":{"1":["Start","A"],"2":["E","B"],"3":["A","C"],"4":["C","D"],"5":["F","E"],"6":["A","F"],"7":["C","G"],"8":["B","H"],"9":["E","I"],"10":["G","J"],"11":["G","K"],"12":["I","L"],"13":["P","M"],"14":["K","N"],"15":["K","O"],"16":["L","P"],"17":["N","Q"],"18":["Q","R"],"19":["P","S"],"20":["C","F"],"21":["D","G"],"22":["E","H"],"23":["H","I"],"24":["O","N"],"25":["Q","P"],"26":["R","P"],"27":["J","T"],"28":["T","U"],"29":["T","V"],"30":["U","W"],"31":["V","X"],"32":["W","Y"],"33":["V","Z"],"34":["O","T"],"35":["W","Z"],"36":["F","C"],"37":["T","ZZ"],"38":["ZZ","Z"]},"World 44-1":{"1":["B","A"],"2":["D","B"],"3":["A","C"],"4":["Start","D"],"5":["C","E"],"6":["C","F"],"7":["F","G"],"8":["D","H"],"9":["H","I"],"10":["I","J"],"11":["I","K"],"12":["I","L"],"13":["K","M"],"14":["P","N"],"15":["L","O"],"16":["Q","P"],"17":["L","Q"],"18":["O","R"],"19":["P","S"],"20":["Q","T"],"21":["T","U"],"22":["B","C"],"23":["E","F"],"24":["J","L"],"25":["M","L"],"26":["O","V"],"27":["O","W"],"28":["V","W"]},"World 44-2":{"1":["1","A"],"2":["A","B"],"3":["A","C"],"4":["B","D"],"5":["C","E"],"6":["C","F"],"7":["D","G"],"8":["E","H"],"9":["D","I"],"10":["F","J"],"11":["J","K"],"12":["K","L"],"13":["K","M"],"14":["C","D"],"15":["F","I"],"16":["G","I"],"17":["H","J"],"18":["I","J"],"19":["2","N"],"20":["N","O1"],"21":["O1","O2"],"22":["O2","O3"],"23":["O1","P1"],"24":["O2","P2"],"25":["O3","P3"],"26":["P1","Q1"],"27":["P2","Q2"],"28":["P3","Q3"],"29":["Q2","R"],"30":["Q3","S"],"31":["H","T"],"32":["T","U"],"33":["T","V"],"34":["Q1","E"],"35":["R","E"],"36":["R","H"],"37":["Q1","Q2"],"38":["R","Q3"],"39":["Q3","R"],"40":["R","S"],"41":["S","T"]},"World 44-3":{"1":["1","A"],"2":["1","B"],"3":["B","C"],"4":["A","D"],"5":["D","E"],"6":["B","F"],"7":["E","G"],"8":["D","H"],"9":["F","I"],"10":["G","J"],"11":["F","K"],"12":["I","L"],"13":["L","M"],"14":["L","N"],"15":["C","F"],"16":["E","H"],"17":["H","I"],"18":["H","J"],"19":["I","K"],"20":["J","L"],"21":["K","L"],"22":["J","O"],"23":["J","P"],"24":["O","Q"],"25":["O","R"],"26":["P","O"],"27":["L","P"],"28":["2","S"],"29":["S","H"],"30":["P","R"]},"World 44-4":{"1":["1","A"],"2":["1","B"],"3":["A","C"],"4":["A","D"],"5":["2","E"],"6":["B","F"],"7":["C","G"],"8":["E","H"],"9":["C","I"],"10":["G","J"],"11":["H","K"],"12":["I","L"],"13":["H","M"],"14":["K","N"],"15":["J","O"],"16":["M","P"],"17":["L","Q"],"18":["O","R"],"19":["N","S"],"20":["Q","T"],"21":["R","U"],"22":["O","V"],"23":["D","G"],"24":["F","H"],"25":["G","I"],"26":["I","J"],"27":["J","L"],"28":["L","O"],"29":["Q","O"],"30":["R","O"],"31":["S","O"],"32":["N","P"],"33":["S","R"],"34":["P","S"],"35":["R","S"],"36":["S","U"],"37":["R","V"],"39":["3","W"],"40":["W","X"],"41":["X","Y"],"42":["3","X"],"43":["W","K"],"44":["X","K"],"45":["Y","O"],"46":["Y","S"]},"World 44-5":{"1":["1","A"],"2":["1","B"],"3":["1","C"],"4":["B","D"],"5":["D","E"],"6":["C","F"],"7":["C","G"],"8":["C","H"],"9":["F","I"],"10":["H","J"],"11":["I","K"],"12":["J","L"],"13":["K","M"],"14":["L","N"],"15":["M","O"],"16":["N","P"],"17":["K","Q"],"18":["A","C"],"19":["D","H"],"20":["F","H"],"21":["G","I"],"22":["I","J"],"23":["J","K"],"24":["L","Q"],"25":["M","R"],"26":["N","S"],"27":["S","T"],"28":["T","U"],"29":["S","V"],"30":["M","W"],"31":["T","X"],"32":["W","Y"],"33":["V","Z"],"34":["V","Z1"],"35":["X","Z2"],"36":["R","W"],"37":["U","X"],"38":["W","X"],"39":["Y","X"],"40":["X","Z"],"41":["G","J2"],"42":["E","J3"],"43":["1","D"],"44":["J3","J"],"45":["J2","K"],"46":["J2","M"],"47":["J3","N"]},"World 45-1":{"1":["B","A"],"2":["F","B"],"3":["Start","C"],"4":["H","D"],"5":["C","E"],"6":["C","F"],"7":["F","G"],"8":["E","H"],"9":["G","I"],"10":["H","J"],"11":["G","K"],"12":["H","L"],"13":["E","F"],"14":["G","M"],"15":["L","N"],"16":["M","L"],"17":["H","M"],"18":["M","N"]},"World 45-2":{"1":["B","A"],"2":["Start","B"],"3":["A","C"],"4":["B","D"],"5":["C","E"],"6":["D","F"],"7":["C","G"],"8":["E","H"],"9":["E","I"],"10":["F","J"],"11":["G","K"],"12":["J","L"],"13":["E","M"],"14":["M","N"],"15":["D","G"],"16":["J","G"],"17":["G","I"],"18":["I","K"],"19":["J","K"],"20":["K","M"],"21":["Start 2","O"],"22":["O","P"],"23":["T","Q"],"24":["O","R"],"25":["Q","S"],"26":["P","T"],"27":["T","U"],"28":["Q","V"],"29":["R","T"],"30":["S","V"],"31":["T","V"]},"World 45-3":{"1":["Start","A"],"2":["A","B"],"3":["A","C"],"4":["B","D"],"5":["D","E"],"6":["A","F"],"7":["F","G"],"8":["G","H"],"9":["F","I"],"10":["I","J"],"11":["B","F"],"12":["C","F"],"13":["G","I"],"14":["H","I"],"15":["L","K"],"16":["M","L"],"17":["G","M"],"18":["M","N"],"19":["N","O"],"20":["H","M"],"21":["K","P"],"22":["L","Q"],"23":["K","R"],"24":["K","S"],"25":["N","T"],"26":["R","U"],"27":["Q","K"],"28":["P","R"],"29":["Start 2","D"],"30":["D","F"],"31":["Q","P"]},"World 46-1":{"1":["Start","A"],"2":["Start","B"],"3":["A","C"],"4":["C","D"],"5":["C","E"],"6":["D","F"],"7":["E","G"],"8":["F","H"],"9":["F","I"],"10":["B","C"],"11":["E","F"],"12":["G","F"],"13":["I","J"],"14":["J","K"]},"World 46-2":{"1":["D","A"],"2":["E","B"],"3":["F","C"],"4":["B","D"],"5":["C","E"],"6":["I","F"],"7":["B","G"],"8":["G","H"],"9":["Start","I"],"10":["I","J"],"11":["J","K"],"12":["J","L"],"13":["O","M"],"14":["L","N"],"15":["Q","O"],"16":["L","P"],"17":["P","Q"],"18":["O","R"],"19":["G","D"],"20":["H","D"],"21":["F","E"],"22":["K","L"],"23":["N","P"],"24":["Q","R"],"25":["J","S"],"26":["S","P"]},"World 46-3":{"1":["Start","A"],"2":["A","B"],"3":["Start 3","C"],"4":["A","D"],"5":["D","E"],"6":["E","F"],"7":["D","G"],"8":["G","H"],"9":["F","I"],"10":["G","J"],"11":["H","K"],"12":["J","L"],"13":["J","M"],"14":["Start","B"],"15":["B","D"],"16":["C","D"],"17":["Start 2","E"],"18":["E","G"],"19":["F","G"],"20":["I","G"],"21":["H","J"],"22":["K","M"],"25":["L","N"],"26":["L","O"]},"World 46-4":{"1":["Start","A"],"2":["A","B"],"3":["A","C"],"4":["B","D"],"5":["C","E"],"6":["Start 2","F"],"7":["C","G"],"8":["E","H"],"9":["G","I"],"10":["G","J"],"11":["G","K"],"12":["G","L"],"13":["J","M"],"14":["M","N"],"15":["N","O"],"16":["N","P"],"17":["B","C"],"18":["D","C"],"19":["E","G"],"20":["F","G"],"21":["I","J"],"22":["Start 2","K"],"23":["K","L"],"24":["L","M"],"26":["A","Q"],"27":["N","R"],"28":["R","S"],"29":["Q","G"]},"World 46-5":{"1":["Start","A"],"2":["C","B"],"3":["A","C"],"4":["A","D"],"5":["B","E"],"6":["E","F"],"7":["E","G"],"8":["G","H"],"9":["F","I"],"10":["G","J"],"11":["Start 2","B"],"12":["D","C"],"13":["Start 2","C"],"14":["C","E"],"16":["I","K"],"17":["I","L"],"18":["I","M"],"19":["L","N"],"20":["I","O"],"21":["K","O"],"22":["N","O"]},"World 46-6":{"1":["Start","A"],"2":["A","B"],"3":["Start","C"],"4":["B","D"],"5":["B","E"],"6":["C","F"],"7":["F","G"],"8":["G","H"],"9":["D","I"],"10":["G","J"],"11":["I","K"],"12":["J","L"],"13":["K","M"],"14":["K","N"],"15":["N","O"],"16":["O","P"],"17":["C","D"],"18":["E","D"],"19":["F","D"],"20":["D","F"],"21":["F","I"],"22":["H","J"],"23":["J","K"],"24":["M","N"],"25":["L","Q"],"26":["L","R"],"27":["N","S"],"28":["L","T"],"29":["S","U"],"30":["R","V"],"31":["S","W"],"32":["Q","R"],"33":["K","X"],"34":["X","S"]},"World 47-1":{"1":["Start","A"],"2":["Start","B"],"3":["Start","C"],"4":["A","D"],"5":["A","E"],"6":["D","F"],"7":["D","G"],"8":["F","H"],"9":["H","I"],"10":["G","J"],"11":["D","K"],"12":["K","L"],"13":["L","M"],"14":["L","N"],"15":["M","O"],"16":["B","A"],"17":["C","B"],"18":["B","D"],"19":["D","E"],"20":["E","G"],"21":["F","K"],"22":["N","O"],"23":["E","J"],"24":["O","P"],"25":["P","Q"],"26":["Q","R"],"27":["R","S"],"28":["R","T"],"29":["Q","T"]},"World 48-1":{"1":["Start","A"],"2":["A","B"],"3":["B","C"],"4":["C","D"],"5":["C","E"],"6":["E","F"],"7":["D","G"],"8":["G","H"],"9":["H","I"],"10":["G","J"],"11":["H","K"],"12":["K","L"],"13":["L","M"],"14":["I","K"],"15":["J","K"],"16":["F","N"],"17":["F","O"],"18":["N","P"],"19":["R","Q"],"20":["O","R"],"21":["R","S"],"22":["N","T"],"23":["Q","T"]},"World 48-2":{"1":["Start","A"],"2":["A","B"],"3":["A","C"],"4":["B","D"],"5":["B","E"],"6":["E","F"],"7":["D","G"],"8":["C","H"],"9":["F","I"],"10":["K","J"],"11":["I","K"],"12":["K","L"],"13":["I","M"],"14":["G","F"],"15":["E","H"],"16":["F","H"],"17":["H","I"],"18":["J","M"],"19":["G","N"],"20":["N","O"],"21":["N","P"],"22":["O","Q"],"23":["L","R"],"24":["R","S"],"25":["P","T"],"26":["O","P"],"27":["R","T"]},"World 48-3":{"1":["C","A"],"2":["A","B"],"3":["D","C"],"4":["Start","D"],"5":["D","E"],"6":["E","F"],"7":["F","G"],"8":["G","H"],"9":["H","I"],"10":["I","J"],"11":["G","K"],"12":["I","L"],"13":["K","M"],"14":["K","N"],"15":["Boss","O"],"16":["M","N"],"17":["B","P"],"18":["P","Q"],"19":["P","R"],"20":["H","S"],"21":["U","T"],"22":["F","U"],"23":["T","V"],"24":["V","W"],"25":["U","S"],"26":["T","O"],"27":["V","O"]},"World 48-4":{"1":["B","A"],"2":["C","B"],"3":["Start","C"],"4":["F","D"],"5":["C","E"],"6":["G","F"],"7":["E","G"],"8":["E","H"],"9":["G","I"],"10":["F","J"],"11":["J","K"],"12":["H","L"],"13":["L","M"],"14":["H","I"],"15":["K","I"],"16":["I","L"],"17":["K","L"],"18":["B","N"],"19":["A","O"],"20":["O","Q"],"21":["Q","P"],"22":["Q","R"],"23":["N","A"],"24":["A","D"],"25":["D","O"],"26":["H","S"],"27":["J","T"],"28":["S","V"],"29":["T","U"],"30":["U","W"],"31":["V","X"],"32":["V","Y"],"33":["Z1","Z"],"34":["U","Z1"],"35":["X","Z2"],"36":["X","Z3"],"37":["G","H"],"38":["T","K"],"39":["Z","W"],"40":["W","X"],"41":["Y","X"],"42":["Z","X"]},"World 48-5":{"1":["C","A"],"2":["C","B"],"3":["Start","C"],"4":["Start","D"],"5":["D","E"],"6":["G","F"],"7":["E","G"],"8":["E","H"],"9":["G","I"],"10":["H","J"],"11":["H","K"],"12":["I","L"],"13":["I","M"],"14":["J","N"],"15":["L","O"],"16":["J","P"],"17":["M","Q"],"18":["P","R"],"19":["P","S"],"20":["P","T"],"21":["Q","U"],"22":["R","V"],"23":["T","W"],"24":["H","I"],"25":["I","K"],"26":["K","M"],"27":["L","M"],"28":["M","O"],"29":["O","Q"],"30":["S","Q"],"31":["T","S"],"32":["F","X1"],"33":["X1","X2"],"34":["F","X3"],"35":["X2","X"],"36":["F","Y1"],"37":["Q","Y2"],"38":["Q","Y"],"39":["F","I"],"40":["Y1","O"],"41":["Y2","Y"],"42":["B","Z1"],"43":["Z4","Z2"],"44":["Z1","Z3"],"45":["Z3","Z4"],"46":["Z6","Z5"],"47":["B","Z6"],"48":["C","Z7"],"49":["C","Z8"],"50":["Z4","Z"],"51":["Z5","Z4"],"52":["Z7","Z5"],"53":["Z8","Z7"]},"World 48-6":{"1":["Start","A"],"2":["A","B"],"3":["A","C"],"4":["B","D"],"5":["C","E"],"6":["D","F"],"7":["C","G"],"8":["B","H"],"9":["E","I"],"10":["F","J"],"11":["G","K"],"12":["M","L"],"13":["H","M"],"14":["K","N"],"15":["L","O"],"16":["M","P"],"17":["M","Q"],"18":["M","R"],"19":["N","S"],"21":["S","U"],"22":["T","V"],"23":["R","W"],"24":["S","X"],"25":["E","G"],"26":["I","G"],"27":["H","J"],"28":["J","K"],"29":["N","O"],"30":["N","Q"],"31":["O","Q"],"32":["P","R"],"33":["Q","S"],"34":["R","T"],"35":["S","Y"],"36":["S","Z"],"37":["Y","Z"],"38":["C","K"]},"World 48-7":{"1":["Start 1","A"],"2":["A","B"],"3":["A","C"],"4":["Start 3","D"],"5":["C","E"],"6":["B","F"],"7":["E","G"],"8":["D","H"],"9":["F","I"],"10":["H","J"],"11":["G","K"],"12":["K","L"],"13":["I","M"],"14":["K","N"],"15":["K","O"],"16":["N","P"],"17":["M","Q"],"18":["M","R"],"19":["O","S"],"20":["Q","T"],"21":["R","U"],"22":["O","X"],"23":["Start 2","B"],"24":["D","F"],"25":["Start 2","F"],"26":["F","G"],"27":["F","H"],"28":["H","I"],"29":["I","K"],"30":["L","N"],"31":["N","O"],"32":["Q","O"],"33":["Q","R"],"34":["T","X"],"37":["H","V"],"38":["V","V1"],"39":["V1","V2"],"40":["V1","V3"],"41":["R","V4"],"42":["R","V5"],"43":["V5","V6"],"44":["R","Y"],"45":["V2","V3"],"46":["V3","V4"],"47":["V4","Y"],"48":["V5","Y"],"49":["V3","R"],"50":["V3","W"],"51":["W3","W1"],"52":["W","W2"],"53":["W4","W3"],"54":["W2","W4"],"55":["W4","W5"],"56":["W1","Z"],"57":["V4","W"],"58":["W3","Z"],"59":["W4","Z"],"60":["Z2","Z1"],"61":["Start 4","Z2"],"62":["Z2","Z3"],"63":["Z1","W"],"64":["Z1","W2"],"65":["Z2","W2"],"66":["Z3","W2"]},"World 49-1":{"1":["Start","A"],"2":["Start","B"],"3":["Start","C"],"4":["B","D"],"5":["C","E"],"6":["C","F"],"7":["F","G"],"8":["F","H"],"9":["H","I"],"10":["H","J"],"11":["A","B"],"12":["B","C"],"13":["G","K"],"14":["K","L"],"15":["N","M"],"16":["G","N"],"17":["N","O"],"18":["K","N"],"19":["L","N"]},"World 49-2":{"1":["B","A"],"2":["Start","B"],"3":["A","C"],"4":["Start","D"],"5":["A","E"],"6":["C","F"],"7":["C","G"],"8":["F","H"],"9":["G","I"],"10":["I","J"],"11":["J","K"],"12":["J","L"],"13":["K","M"],"14":["K","N"],"15":["B","C"],"16":["C","E"],"17":["D","F"],"18":["E","G"],"19":["F","G"],"20":["G","H"],"21":["H","I"],"22":["I","O"],"23":["O","P"],"24":["L","Q"],"25":["L","O"],"26":["O","Q"],"27":["E","O"],"28":["G","O"]},"World 49-3":{"1":["Start 1","A"],"2":["Start 1","B"],"3":["A","C"],"4":["B","D"],"5":["C","E"],"6":["C","F"],"7":["E","G"],"8":["E","H"],"9":["H","I"],"10":["H","J"],"11":["J","K"],"12":["K","L"],"13":["L","M"],"14":["M","N"],"15":["M","O"],"16":["L","P"],"17":["M","Q"],"18":["F","E"],"19":["D","F"],"20":["F","G"],"21":["G","H"],"22":["I","J"],"23":["N","Q"],"24":["D","R"],"25":["G","S"],"26":["S","T"],"27":["W","U"],"28":["U","V"],"29":["P","W"],"30":["U","X"],"31":["Start 2","R"],"32":["R","S"],"33":["Start 2","D"],"34":["R","F"],"35":["R","G"],"36":["T","J"],"37":["T","K"],"38":["Start 2","Start 2"],"39":["K","Y"],"40":["K","Z"],"41":["T","Z"]},"World 49-4":{"1":["B","A"],"2":["C","B"],"3":["D","C"],"4":["Start","D"],"5":["D","E"],"6":["E","F"],"7":["F","G"],"8":["F","H"],"9":["G","I"],"10":["H","J"],"11":["I","K"],"12":["I","L"],"13":["I","M"],"14":["J","N"],"15":["P","O"],"16":["K","P"],"17":["P","Q"],"18":["C","A"],"19":["G","H"],"20":["H","I"],"21":["I","J"],"22":["M","K"],"23":["J","L"],"24":["L","M"],"25":["M","P"],"26":["A","R"],"27":["R","S"],"28":["U","T"],"29":["S","U"],"30":["U","V"],"31":["V","W"],"32":["R","X1"],"33":["X1","X2"],"34":["X2","Y1"],"35":["Y1","Y2"],"36":["Y1","Y3"],"37":["Y3","Y4"],"38":["Y3","Y5"],"39":["Y3","Z"],"40":["Y2","Y3"],"41":["Y5","Z"],"42":["X2","Y6"],"43":["Y6","Y7"],"44":["Y1","Y6"],"45":["Y6","Y3"],"46":["Y7","Y3"]},"World 50-1":{"1":["C","A"],"2":["A","B"],"3":["Start","C"],"4":["A","D"],"5":["Start","E"],"6":["D","F"],"7":["D","G"],"8":["E","H"],"9":["G","I"],"10":["F","J"],"11":["B","D"],"12":["C","D"],"13":["E","D"],"14":["G","F"],"15":["I","K"],"16":["2","L"],"17":["L","M"],"18":["M","N"],"19":["M","O"],"20":["O","P"],"21":["P","Q"],"22":["N","O"],"24":["1","R"],"25":["I","S"],"26":["U","T"],"27":["S","U"],"28":["S","V"],"29":["U","V"],"30":["H","D"],"31":["R","H"],"32":["H","I"]},"World 50-2":{"1":["Start 1","A"],"2":["A","B"],"3":["F","C"],"4":["B","D"],"5":["B","E"],"6":["D","F"],"7":["Start 2","G"],"8":["D","H"],"9":["H","I"],"10":["H","J"],"11":["G","K"],"12":["J","L"],"13":["K","M"],"14":["K","N"],"15":["N","O"],"16":["N","P"],"17":["J","Q"],"18":["E","H"],"19":["I","J"],"20":["K","L"],"21":["M","N"],"22":["O","P"],"23":["Start 2","Start 2"],"24":["P","R"],"25":["T","S"],"26":["P","T"],"27":["T","U"],"28":["R","T"],"29":["Start 3","V"],"30":["V","W"],"31":["W","X"],"32":["X","Y"],"33":["W","Z"],"34":["Z","ZI"],"35":["ZI","ZII"],"36":["Start 3","W"],"37":["Y","Z"],"38":["Y","Q"],"39":["ZI","S"]},"World 50-3":{"1":["Start 1","A"],"2":["A","B"],"3":["A","C"],"4":["B","D"],"5":["C","E"],"6":["G","F"],"7":["C","G"],"8":["F","H"],"9":["F","I"],"10":["I","J"],"11":["H","K"],"12":["J","L"],"13":["L","M"],"14":["M","N"],"15":["E","G"],"16":["K","L"],"17":["B","O"],"18":["B","O1"],"19":["D","O2"],"20":["O1","O3"],"21":["Start 2","P"],"22":["O","O1"],"23":["P","B"],"24":["Start 2","Start 2"],"25":["G","Q"],"26":["Q","R"],"27":["Q","S"],"28":["R","T"],"29":["S","U"],"30":["R","V"],"31":["U","W1"],"32":["V","W2"],"33":["U","W"],"34":["T","V"],"35":["U","V"],"36":["V","W"],"37":["I","X"],"38":["M","Y"],"39":["M","Z"],"40":["X","L"],"41":["X","M"]},"World 50-4":{"1":["Start 1","A"],"2":["Start 1","B"],"3":["B","C"],"4":["B","D"],"5":["D","E"],"6":["C","F"],"7":["E","G"],"8":["D","H"],"9":["G","I"],"10":["I","J"],"11":["I","K"],"12":["I","L"],"13":["A","B"],"14":["C","D"],"15":["J","L"],"16":["K","L"],"17":["Start 3","M"],"18":["M","N"],"19":["M","O"],"20":["N","P"],"21":["Q1","Q2"],"22":["Q","Q1"],"23":["Start 2","Q"],"24":["Q2","S"],"25":["Q2","R"],"26":["Start 2","R1"],"27":["S","T"],"28":["T","V3"],"29":["T","U"],"30":["U","V1"],"31":["V1","V2"],"32":["V1","V"],"33":["N","O"],"34":["P","O"],"35":["Q","Q2"],"36":["R","S"],"37":["Q","R"],"38":["R1","R"],"39":["Start 2","Start 2"],"40":["Start 3","Start 3"],"41":["V3","W1"],"42":["V3","W2"],"43":["V3","W"],"44":["X2","X1"],"45":["E","X2"],"46":["X2","X3"],"47":["X2","X"],"48":["W1","W"],"49":["X3","X"],"50":["F","Y1"],"51":["H","Y2"],"52":["Y1","Y3"],"53":["Y2","Y4"],"54":["Y2","Y5"],"55":["Y2","Y"],"56":["Y1","Y2"],"57":["Y5","Y"],"58":["Y1","H"],"59":["O","Z1"],"60":["Z1","Z2"],"61":["Z2","Z3"],"62":["Z2","Z"],"63":["P","Z1"],"64":["J","Z"],"65":["Z2","J"]},"World 50-5":{"1":["Start 1","A"],"2":["A","B"],"3":["B","C"],"4":["A","D"],"5":["D","E"],"6":["E","F"],"7":["E","G"],"8":["F","H"],"9":["G","I"],"10":["H","J1"],"11":["J1","J2"],"12":["J1","J"],"13":["C","D"],"14":["F","G"],"15":["I","J1"],"16":["Start 2","K"],"17":["K","L"],"18":["L","M"],"19":["M","N"],"20":["N","O"],"21":["S","P"],"22":["M","Q"],"23":["M","R"],"24":["O","S"],"25":["R","T"],"26":["Q","U1"],"27":["T","U2"],"28":["U1","U3"],"29":["U2","U"],"30":["U1","V1"],"31":["U1","V2"],"32":["S","V"],"33":["Start 2","L"],"34":["B","O"],"35":["Q","R"],"36":["U1","T"],"37":["R","U1"],"38":["U1","U2"],"39":["U2","U3"],"40":["V1","V"],"41":["V2","V"],"42":["L","B"],"43":["Start 2","Start 2"],"44":["C","W"],"45":["W","X"],"46":["X","Y"],"47":["W","P"],"48":["Start 3","A"],"49":["Start 3","B"],"50":["Start 3","Start 3"],"51":["X","Z1"],"52":["Z1","Z2"],"53":["Z1","Z"],"54":["Z2","Z"],"55":["Y","Z1"]},"World 51-1":{"1":["Start 1","A"],"2":["A","B"],"3":["B","C"],"4":["C","C1"],"5":["C","C2"],"6":["C","D"],"7":["C","E"],"8":["E","F"],"9":["C1","C2"],"10":["D","E"],"11":["E","G"],"12":["Start 2","H"],"13":["H","I"],"14":["I","J"],"15":["I","K"],"16":["J","L"],"17":["Q","M"],"18":["I","N"],"19":["Q","O"],"20":["J","P"],"21":["N","Q"],"22":["N","R"],"23":["Start 2","I"],"24":["J","K"],"25":["K","N"],"26":["L","P"],"27":["Start 2","Start 2"],"28":["R","S"],"29":["S","T"],"30":["T","U"],"31":["T","V"],"32":["R","T"]},"World 51-2":{"1":["Start 1","A"],"2":["Start 1","B"],"3":["A","C"],"4":["C","D"],"5":["C","D1"],"6":["F","D2"],"7":["D1","E"],"8":["D","F"],"9":["E","G"],"10":["E","H"],"11":["F","I"],"12":["B","C"],"13":["D","D1"],"14":["D1","F"],"15":["G","F"],"16":["Start 2","J"],"17":["J","K"],"18":["J","L"],"19":["K","M"],"20":["L","N"],"21":["L","O"],"22":["N","P"],"23":["R","Q"],"24":["P","R"],"25":["R","S"],"26":["R","T"],"27":["P","X"],"28":["N","O"],"29":["O","P"],"30":["T","S"],"31":["Start 2","Start 2"],"32":["M","U"],"33":["U","V"],"34":["V","W"],"35":["V","Q"],"36":["M","V"],"37":["Q","W"],"38":["X","Y"],"39":["Y","Z"],"40":["Y","H"],"41":["X","Z"]},"World 51-3":{"1":["Start 1","A"],"2":["A","B"],"3":["B","B1"],"4":["B","B2"],"5":["B1","C"],"6":["B1","C1"],"7":["B2","C2"],"8":["C","D"],"9":["C1","E"],"10":["C2","F"],"11":["D","G"],"12":["G","H"],"13":["E","I"],"14":["B2","C1"],"15":["C","C1"],"16":["C1","C2"],"17":["C2","E"],"18":["E","G"],"19":["G","I"],"20":["Z","Z"],"21":["Start 2","J1"],"22":["J1","J2"],"23":["J1","J"],"24":["L","K"],"25":["J2","L"],"26":["L","M"],"27":["M","N"],"28":["M","O"],"29":["J","J2"],"30":["Start 2","J2"],"31":["N","O"],"32":["Start 2","Start 2"],"33":["Start 3","P"],"34":["Start 3","Q"],"35":["P","R"],"36":["Q","S"],"37":["R","T"],"38":["T2","T1"],"39":["S","T2"],"40":["S","T3"],"41":["T3","T4"],"42":["R","U"],"43":["U","V"],"44":["V","W"],"45":["V","X"],"46":["T2","T3"],"47":["S","U"],"48":["T","U"],"49":["Start 3","Start 3"],"50":["X","Y"],"51":["Y","Z"],"52":["Z","Z1"],"53":["Z","Z2"],"54":["X","X1"],"55":["X1","X2"],"56":["X2","Z3"],"57":["R","S"],"58":["S","T"],"59":["X2","Y"],"60":["X","Z3"],"61":["Y","Z3"]},"World 52-1":{"1":["Start","A"],"2":["A","B"],"3":["B","C"],"4":["A","D"],"5":["C","E"],"6":["C","F"],"7":["E","G"],"8":["F","H"],"9":["F","I"],"10":["G","J"],"11":["I","K"],"12":["G","L"],"13":["J","M"],"14":["I","N"],"15":["D","E"],"16":["E","F"],"17":["H","I"],"18":["L","O"],"19":["O","P"],"20":["P","Q"],"21":["P","R"],"22":["L","P"]},"World 52-2":{"1":["Start","A"],"2":["A","B"],"3":["D","C"],"4":["B","D"],"5":["A","E"],"6":["D","F"],"7":["F","G"],"8":["I","H"],"9":["E","I"],"10":["F","J"],"11":["J","K"],"12":["J","L"],"13":["E","B"],"14":["H","F"],"15":["H","J"],"16":["G","M"],"17":["O","N"],"18":["M","O"],"19":["L","P"],"20":["O","Q"],"21":["C","R"],"22":["R","S"],"23":["S","T"],"24":["R","U"],"25":["S","U"]},"World 52-3":{"1":["Start 1","A"],"2":["A","B"],"3":["B","C"],"4":["H","D"],"5":["A","E"],"6":["E","F"],"7":["F","G"],"8":["C","H"],"9":["H","I"],"10":["E","B"],"11":["B","E"],"12":["G","H"],"13":["Start 2","J"],"14":["J","K"],"15":["E","L"],"16":["L","M"],"17":["M","N"],"18":["S1","O1"],"19":["O1","O2"],"20":["O1","O"],"21":["N","P"],"22":["P","Q"],"23":["P","R"],"24":["L","S1"],"25":["M","S2"],"26":["M","S3"],"27":["O1","S4"],"28":["S2","N"],"29":["O2","O"],"30":["O","P"],"31":["S3","P"],"32":["S4","P"],"33":["J","B"],"34":["K","B"],"36":["N","R1"],"37":["R1","R2"],"38":["T","S"],"39":["A","T"],"40":["S","U"],"41":["U","V"],"42":["U","W"],"43":["U","X"],"44":["V","Y"],"45":["X","Z"],"46":["T","U"],"47":["V","W"],"48":["W","X"],"49":["X","Y"]},"World 53-1":{"1":["D","A"],"2":["Start","B"],"3":["B","C"],"4":["E","D"],"5":["F","E"],"6":["B","F"],"7":["C","G"],"8":["E","H"],"9":["G","I"],"10":["F","J"],"11":["G","K"],"12":["I","L"],"13":["K","M"],"14":["J","N"],"15":["H","D"],"16":["C","F"],"17":["D","H"],"18":["H","H1"],"19":["H1","H2"],"20":["N","O"],"21":["O2","O1"],"22":["O","O2"],"23":["M","O3"],"24":["O","O4"],"25":["O2","O5"],"26":["O5","O1"],"27":["O4","P"],"28":["O4","Q"],"29":["P","Q1"],"30":["Q1","Q2"],"31":["Q","Q3"],"32":["P","R"],"33":["R","S"],"34":["S","T"],"35":["S","U"],"36":["Q1","Q3"],"37":["Q2","Q3"],"38":["T","V"],"39":["T","V1"],"40":["V1","V2"],"41":["T","V3"],"42":["V","V1"],"43":["V1","V3"],"44":["K","O3"],"45":["O3","S"]},"World 53-2":{"1":["B","A"],"2":["Start 1","B"],"3":["A","C"],"4":["Start 1","D"],"5":["D","E"],"6":["C","F"],"7":["D","G"],"8":["E","H"],"9":["F","I"],"10":["F","J"],"11":["J","J1"],"12":["J","J2"],"13":["B","C"],"14":["G","E"],"15":["E","F"],"16":["H","F"],"17":["I","F"],"18":["G","H"],"19":["H","I"],"20":["Start 2","K"],"21":["P","L"],"22":["K","M"],"23":["M","N"],"24":["A","O"],"25":["Q","P"],"26":["N","Q"],"27":["V","R"],"28":["F","S"],"29":["S","T"],"30":["R","U"],"31":["S","V"],"32":["V","W"],"33":["P","O"],"34":["V","U"],"35":["P","A"],"36":["Q","C"],"37":["Start 2","Start 2"],"38":["F","X"]},"World 53-3":{"1":["Start","A"],"2":["A","B"],"3":["B","C"],"4":["A","D"],"5":["D","E"],"6":["D","F"],"7":["F","G"],"8":["G","H"],"9":["F","I"],"10":["H","J"],"11":["J","K"],"12":["J","L"],"13":["E","F"],"14":["I","H"],"15":["H","I"],"16":["I","J"],"17":["C","M"],"18":["M","N"],"19":["N","O"],"20":["M","P"],"21":["P","Q"],"22":["C","R"],"23":["P","S"],"24":["N","P"],"25":["O","P"],"26":["C","T"],"27":["T","U"],"28":["R","V"],"29":["V","V1"],"30":["V","V2"],"31":["Y","W"],"32":["U","X"],"33":["U","Y"],"34":["V2","Z"],"35":["V2","Y"],"36":["X","Y"],"37":["X","Z"],"38":["Y","Z"]},"World 53-4":{"1":["Start 1","A"],"2":["A","B"],"3":["B","C"],"4":["C","C1"],"5":["C","C2"],"6":["C2","C3"],"7":["A","D"],"8":["D","E"],"9":["E","E1"],"10":["E1","E2"],"11":["E1","E3"],"12":["C2","F"],"13":["D","A"],"14":["D","B"],"15":["E1","C"],"16":["C1","C2"],"17":["E2","C3"],"18":["B","D"],"19":["E","D"],"20":["E3","E2"],"21":["E2","F"],"22":["Start 2","G"],"23":["Start 2","H"],"24":["G","I"],"25":["H","J"],"26":["G","K"],"27":["H","L"],"28":["I","M"],"29":["K","N"],"30":["K","N1"],"31":["N1","N2"],"32":["N2","O"],"33":["O","O1"],"34":["O","O2"],"35":["L","J"],"36":["M","N"],"37":["N","N1"],"38":["N","A"],"39":["L","D"],"40":["J","E"],"41":["A","O"],"42":["Start 2","Start 2"],"43":["G","P"],"44":["P","P1"],"45":["P1","P2"],"46":["P2","Q"],"47":["Q","R"],"48":["Q","S"],"49":["S","T"],"50":["S","U"],"51":["P2","I"],"52":["P1","L"],"53":["H","P"],"54":["D","V"],"55":["V","W"],"56":["V","X"],"57":["W","X"],"58":["V","T"],"59":["U","V"]},"World 53-5":{"1":["Start 1","A"],"2":["A","B"],"3":["B","C"],"4":["C","D"],"5":["D","E"],"6":["E","F"],"7":["E","F1"],"8":["F","F2"],"9":["F2","F3"],"10":["F","G"],"11":["F1","F"],"12":["F2","G"],"13":["Start 2","H"],"14":["H","I"],"15":["I","J"],"16":["I","J1"],"17":["J","J2"],"18":["J","K"],"19":["K","L"],"20":["L","M"],"21":["L","M1"],"22":["M","M2"],"23":["M","N"],"24":["J1","J"],"25":["J2","K"],"26":["M1","M"],"27":["Start 2","Start 2"],"28":["Start 3","O"],"29":["O","P"],"30":["Q1","Q"],"31":["O","Q1"],"32":["P","Q2"],"33":["C","R"],"34":["R","R1"],"35":["R1","R2"],"36":["R","S"],"37":["S","S1"],"38":["S1","S2"],"39":["S","T"],"40":["Q2","Q"],"41":["Q","C"],"42":["Start 3","Start 3"],"43":["S2","U"],"44":["U","V"],"45":["U","W"],"46":["W","X"],"47":["W","Y"],"48":["V","W"],"49":["R1","Z"],"50":["Start 4","C"],"51":["Start 4","R"],"52":["R1","S2"],"53":["Z","U"],"54":["Start 4","Start 4"]},"World 54-1":{"1":["Start 1","A"],"2":["A","B"],"3":["B","C"],"4":["B","D"],"5":["D","E"],"6":["Start 1","F"],"7":["F","G"],"8":["F","H"],"9":["G","I"],"10":["H","J"],"11":["I","K"],"12":["C","D"],"13":["A","F"],"14":["G","H"],"15":["H","I"],"16":["J","L"],"17":["L","M"],"18":["J","N"],"19":["N","O"],"20":["O","P"],"21":["O","Q"],"22":["Q","R"],"23":["L","N"],"24":["J","O"]},"World 54-2":{"1":["Start 1","A"],"2":["A","B"],"3":["B","C"],"4":["C","D"],"5":["D","E"],"6":["C","F"],"7":["A","G"],"8":["G","H"],"9":["H","I"],"10":["G","J"],"11":["J","K"],"12":["J","L"],"13":["F","M"],"14":["M","N"],"15":["M","O"],"16":["D","F"],"17":["E","F"],"18":["H","J"],"19":["I","J"],"20":["K","L"],"21":["L","M"],"22":["Start 2","P"],"23":["P","Q"],"24":["Q","R"],"25":["Q","S"],"26":["S","S1"],"27":["S1","S2"],"28":["S1","S3"],"29":["S1","T"],"30":["T","T1"],"31":["T","T2"],"32":["S2","S3"],"33":["S3","T"],"34":["Start 2","Start 2"],"35":["R","U"],"36":["U","V"],"37":["U","W"],"38":["W","W1"],"39":["W","W2"],"40":["V","W"]},"World 54-3":{"1":["Start 1","A"],"2":["A","B"],"3":["Start 1","C"],"4":["A","D"],"5":["D","E"],"6":["C","F"],"7":["F","G"],"8":["E","H"],"9":["G","I"],"10":["G","J"],"11":["J","K"],"12":["K","L"],"13":["B","D"],"14":["H","J"],"15":["I","J"],"16":["Start 2","M"],"17":["M","M1"],"18":["M1","M2"],"19":["M","N"],"20":["N","O"],"21":["O","P"],"22":["P","Q"],"23":["P","Q'"],"24":["H","R"],"25":["M1","N"],"26":["M2","N"],"27":["G","H"],"28":["R","L"],"29":["Start 2","Start 2"],"30":["L","S"],"31":["S","T"],"32":["T","U"],"33":["T","U'"],"34":["L","V"],"35":["L","W"],"36":["V","X"],"37":["X","Y"],"38":["X","Y'"],"39":["W","X"],"40":["S","V"],"41":["Start 3","F"],"42":["Start 3","G"],"43":["Start 3","H"],"44":["Start 3","Start 3"]},"World 54-4":{"1":["Start 1","A"],"2":["A","B"],"3":["B","C"],"4":["C","D"],"5":["D","D1"],"6":["D1","D2"],"7":["D","E"],"8":["D2","F"],"9":["F","G"],"10":["G","H"],"11":["D2","E"],"12":["E","F"],"13":["H","I"],"14":["I","J"],"15":["J","K"],"16":["J","L"],"17":["J","M"],"18":["K","M"],"19":["H","J"],"20":["Start 2","N"],"21":["N","O"],"22":["N","P"],"23":["O","Q"],"24":["P","R"],"25":["R","S"],"26":["R","T"],"27":["T","U"],"28":["T","V"],"29":["T","W"],"30":["Q","R"],"31":["S","T"],"32":["U","W"],"33":["Start 2","Start 2"],"34":["J","X"],"35":["X","Y"],"36":["X","Y1"],"37":["Y","Y2"],"38":["Y","Y3"],"39":["Y","Z"],"40":["Y1","Y"],"41":["Y2","Z"],"42":["C","F"],"43":["I","X"]},"World 54-5":{"1":["Start 1","A"],"2":["A","A1"],"3":["A1","A2"],"4":["A2","A3"],"5":["A","B"],"6":["B","B1"],"7":["B","B2"],"8":["B2","B3"],"9":["A3","C"],"10":["A2","C1"],"11":["C","C2"],"12":["C2","D"],"13":["C2","D1"],"14":["D","D2"],"15":["B1","B2"],"16":["C","C1"],"17":["C1","C2"],"18":["D1","E"],"19":["E","F"],"20":["E","G"],"21":["Start 2","H"],"22":["H","H1"],"23":["H","H2"],"24":["H2","H3"],"25":["H2","I"],"26":["H","I1"],"27":["I","I2"],"28":["H3","J"],"29":["J","K"],"30":["H1","H2"],"31":["I","I1"],"32":["I1","I2"],"33":["I2","J"],"34":["J","F"],"35":["Start 2","Start 2"],"36":["D","L"],"37":["D","L1"],"38":["L","L2"],"39":["L","M"],"40":["L2","N"],"41":["N","O"],"42":["O","P"],"43":["L1","L2"],"44":["L2","M"],"45":["M","N"],"46":["Start 2","D"],"47":["Start 2","L"],"48":["O","F"],"49":["S","A4"],"50":["Start 3","Q"],"51":["Q","Q1"],"52":["Q","Q2"],"53":["Q1","R"],"54":["R","R1"],"55":["R1","R2"],"56":["R2","R3"],"57":["Q1","S"],"58":["S","S1"],"59":["S1","S2"],"60":["S2","S3"],"61":["A3","T"],"62":["S3","U"],"63":["R3","V1"],"64":["V1","V2"],"65":["V1","V"],"66":["R1","S1"],"67":["T","U"],"68":["U","V1"],"69":["A4","A3"],"70":["S3","A3"],"71":["Start 3","Start 3"],"72":["S3","R3"],"73":["Q2","W"],"74":["W","X"],"75":["Y1","Y"],"76":["W","Y1"],"77":["X","Y2"],"78":["Y2","Z1"],"79":["Z1","Z2"],"80":["Z1","Z"],"81":["Y","Y2"],"82":["Z2","Z"],"83":["B3","Y"],"84":["B3","Y2"],"85":["Y1","B3"],"86":["Y2","V2"]},"World 55-1":{"1":["Start","A"],"2":["A","B"],"3":["B","C"],"4":["C","D"],"5":["C","E"],"6":["A","F"],"7":["F","G"],"8":["E","H"],"9":["H","I"],"10":["I","J"],"11":["H","K"],"12":["D","E"],"13":["F","H"],"14":["G","H"],"15":["K","K1"],"16":["K","K2"],"17":["K1","L"],"18":["L","M"],"19":["K2","N"],"20":["M","O"],"21":["K1","P"],"22":["P","Q"],"23":["P","R"],"24":["M","P"],"25":["N","P"],"26":["O","P"]},"World 55-2":{"1":["Start 1","A"],"2":["A","B"],"3":["A","C"],"4":["C","D"],"5":["C","E"],"6":["E","F"],"7":["F","G"],"8":["E","H"],"9":["I","I1"],"10":["H","J"],"11":["I1","K"],"12":["H","I"],"13":["B","C"],"14":["D","L"],"15":["D","M"],"16":["D","N"],"17":["D","O"],"18":["L","M"],"19":["M","O"],"20":["Start 2","P"],"21":["P","P1"],"22":["P","P2"],"23":["P","Q"],"24":["J","R"],"25":["R","S"],"26":["S","T"],"27":["S","U"],"28":["S","V"],"29":["P1","P2"],"30":["P2","Q"],"31":["U","V"],"32":["Q","H"],"33":["Start 2","Start 2"]},"World 55-3":{"1":["Start 1","A"],"2":["Start 1","A1"],"3":["A1","A2"],"4":["A","B"],"5":["B","C"],"6":["C","C1"],"7":["C","C2"],"8":["C1","D"],"9":["C1","E"],"10":["A1","A"],"11":["A2","A"],"12":["D","E"],"13":["Start 2","F"],"14":["F","F1"],"15":["F","F2"],"16":["F2","G"],"17":["F2","H"],"18":["F2","H1"],"19":["H1","H2"],"20":["H","I"],"21":["H","J"],"22":["I","K"],"23":["I","L"],"24":["F1","F2"],"25":["H1","H"],"26":["H2","H"],"27":["Start 2","Start 2"],"28":["J","M"],"29":["M","M1"],"30":["M","M2"],"31":["M","N"],"32":["J","O"],"33":["K","P"],"34":["M1","M2"],"35":["M2","N"],"36":["O","Q"],"37":["Q","R"],"38":["Q","S"],"39":["Q","T"],"40":["Q","U"],"41":["S","U"],"42":["T","U"]},"World 55-4":{"1":["Start 1","A"],"2":["Start 1","B"],"3":["B","C"],"4":["B","D"],"5":["B","E"],"6":["E","F"],"7":["F","F1"],"8":["F","F2"],"9":["A","G"],"10":["G","G1"],"11":["D","H"],"12":["H","I"],"13":["I","J"],"14":["I","K"],"15":["C","G"],"16":["F1","H"],"17":["G","H"],"18":["G1","G2"],"19":["F2","L"],"20":["L","L1"],"21":["L","L2"],"22":["Start 2","M"],"23":["M","N"],"24":["N","N1"],"25":["N1","N2"],"26":["N","O"],"27":["O","O1"],"28":["O1","O2"],"29":["O","P"],"30":["O1","Q"],"31":["P","R"],"32":["P","S"],"33":["P","T"],"34":["N2","O"],"35":["P","Q"],"36":["R","S"],"37":["S","T"],"38":["Start 2","Start 2"],"39":["T","U"],"40":["U","V"],"41":["U","W"]},"World 55-5":{"1":["Start 1","A"],"2":["A","B"],"3":["A","C"],"4":["C","D"],"5":["D","E"],"6":["D","F"],"7":["E","G1"],"8":["G","G2"],"9":["E","G"],"10":["G","H"],"11":["B","C"],"12":["G1","E"],"13":["F","G1"],"14":["G1","G"],"15":["G1","I"],"16":["F","J"],"17":["J","K"],"18":["K","L"],"19":["K","M"],"20":["L","N"],"21":["N","N1"],"22":["N1","N2"],"23":["N1","O"],"24":["M","P"],"25":["J","Q"],"26":["Q","R"],"27":["Q","S"],"28":["R","T"],"29":["T","U"],"30":["S","V"],"31":["R","W"],"32":["R","X"],"33":["R","S"],"34":["S","X"],"35":["T","X"],"36":["U","X"]},"World 55-6":{"1":["Start 1","A"],"2":["A","B"],"3":["B","B1"],"4":["B1","B2"],"5":["B","C"],"6":["B1","C"],"7":["B2","C"],"8":["C","D"],"9":["D","D1"],"10":["D","D2"],"11":["D1","D3"],"12":["D2","E"],"13":["D2","F"],"14":["F","G"],"15":["E","F"],"16":["Start 2","H"],"17":["H","I"],"18":["I","J"],"19":["J","K"],"20":["I","L"],"21":["L","M"],"22":["J","N"],"23":["N","O"],"24":["O","P"],"25":["O","Q"],"26":["Q","R"],"27":["Q","S"],"28":["K","N"],"29":["L","N"],"30":["M","N"],"31":["Start 2","Start 2"],"32":["O","T"],"33":["P","U"],"34":["P","V"],"35":["U","W"],"36":["V","W"],"37":["T","P"],"38":["M","X"],"39":["X","Y"],"40":["Y","Z"],"41":["M","O"],"42":["O","X"],"43":["Y","R"],"44":["I","N"],"45":["O","Y"]},"World 56-1":{"1":["Start 1","A"],"2":["A","B"],"3":["B","C"],"4":["C","C1"],"5":["C1","C2"],"6":["C","C3"],"7":["C1","D"],"8":["A","E"],"9":["E","F"],"10":["F","G"],"11":["G","G1"],"12":["G","G2"],"13":["F","H"],"14":["H","H1"],"15":["H","H2"],"16":["H2","I"],"17":["H1","J"],"18":["C3","C1"],"19":["G1","G2"],"20":["H1","H2"],"21":["H2","K"],"22":["K","L"],"23":["K","M"],"24":["L","M"],"25":["C3","N"],"26":["C3","O"],"27":["O","P"],"28":["P","Q"],"29":["Q","R"],"30":["P","S"],"31":["Q","S"]},"World 56-2":{"1":["Start 1","A"],"2":["A","B"],"3":["B","B1"],"4":["B","B2"],"5":["B","C"],"6":["C","D"],"7":["C","E"],"8":["E","E1"],"9":["E","E2"],"10":["A","F"],"11":["F","F1"],"12":["F","F2"],"13":["E","G"],"14":["F1","B"],"15":["B1","B2"],"16":["B2","C"],"17":["D","E"],"18":["F2","H"],"19":["F2","H1"],"20":["H","H2"],"21":["H","I"],"22":["H","J"],"23":["H1","H"],"24":["I","J"],"25":["Start 2","K"],"26":["K","L"],"27":["K","M"],"28":["M","N"],"29":["M","O"],"30":["O","P"],"31":["O","Q"],"32":["Q","R"],"33":["R","S"],"34":["R","T"],"35":["Q","U"],"36":["U","V"],"37":["L","M"],"38":["2","M"],"39":["N","O"],"40":["P","Q"],"41":["Start 2","Start 2"],"42":["E2","W"],"43":["U","E2"],"44":["U","W"]},"World 56-3":{"1":["Start 1","A"],"2":["A","B"],"3":["B","B1"],"4":["B1","B2"],"5":["B","C"],"6":["C","D"],"7":["D","E"],"8":["A","F"],"9":["F","G"],"10":["G","H"],"11":["H","H1"],"12":["H1","H2"],"13":["H","I"],"14":["G","J"],"15":["D","K"],"16":["B1","C"],"17":["B2","C"],"18":["B","F"],"19":["H1","I"],"20":["Start 2","L"],"21":["L","M"],"22":["J","N"],"23":["M","O"],"24":["J","O1"],"25":["N","O2"],"26":["N","P"],"27":["O2","Q"],"28":["O","R"],"29":["O1","O"],"30":["O1","O2"],"31":["O2","P"],"32":["M","J"],"33":["J","O2"],"34":["Start 2","Start 2"],"35":["S1","S"],"36":["R","S1"],"37":["S","S2"],"38":["S","T"],"39":["S2","T"],"40":["J","O"],"41":["R","S"],"42":["S","Q"],"43":["Start 3","U"],"44":["U","U1"],"45":["U","U2"],"46":["U2","U3"],"47":["U","V"],"48":["U2","V1"],"49":["V","V2"],"50":["V2","W"],"51":["V2","X"],"52":["V1","U2"],"53":["U1","V"],"54":["V","V1"],"55":["V1","V2"],"56":["U3","O"],"57":["R","V2"],"58":["Start 3","Start 3"]},"World 56-4":{"1":["Start 1","A"],"2":["A","B"],"3":["B","C"],"4":["A","D"],"5":["B","E"],"6":["D","F"],"7":["B","G"],"8":["D","H"],"9":["G","I"],"10":["I","J"],"11":["I","K"],"12":["D","E"],"13":["C","G"],"14":["E","G"],"15":["F","H"],"16":["G","H"],"17":["H","I"],"18":["K","L"],"19":["L","M"],"20":["M","N"],"21":["M","O"],"22":["J","K"],"23":["I","L"],"24":["H","P"],"25":["H","Q"],"26":["P","R"],"27":["R","S"],"28":["P","Q"],"29":["Q","R"],"30":["S","T"],"31":["S","U"],"32":["S","V"],"33":["T","V"]},"World 56-5":{"1":["Start 1","A"],"2":["A","B"],"3":["B","B1"],"4":["B1","B2"],"5":["B","C"],"6":["C","C1"],"7":["C","C2"],"8":["C1","C3"],"9":["A","D"],"10":["D","E"],"11":["C1","E1"],"12":["E1","E2"],"13":["E1","E3"],"14":["D","F"],"15":["F","G"],"16":["G","G1"],"17":["G1","G2"],"18":["G","H"],"19":["H","I"],"20":["H","J"],"21":["B1","C"],"22":["B2","C"],"23":["E","C1"],"24":["C1","C2"],"25":["C3","E1"],"26":["E","E1"],"27":["G1","H"],"28":["G2","H"],"29":["H","K"],"30":["K","L"],"31":["K","M"],"32":["J","K"],"33":["Start 2","N1"],"34":["N1","N2"],"35":["N1","N"],"36":["N","O"],"37":["O","P"],"38":["P","Q"],"39":["P","R"],"40":["N2","N"],"41":["Start 2","N"],"42":["Q","R"],"43":["O","H"],"44":["O","J"],"45":["J","P"],"46":["Start 2","Start 2"],"47":["R","S"],"48":["S","T"],"49":["S","U"],"50":["Start 3","V"],"51":["V","W"],"52":["P","X"],"53":["X","Y"],"54":["X","Z"],"55":["Start 3","W"],"56":["W","O"],"57":["O","N2"],"58":["N2","P"],"59":["Start 3","Start 3"]},"World 56-6":{"1":["Start 1","A"],"2":["A","B"],"3":["A","C"],"4":["C","D"],"5":["B","E"],"6":["E","F"],"7":["E","G"],"8":["B","C"],"9":["C","E"],"10":["D","E"],"11":["Start 2","H"],"12":["H","H1"],"13":["H","H2"],"14":["H1","I"],"15":["H2","J"],"16":["J","K"],"17":["K","L"],"18":["K","M"],"19":["M","N"],"20":["M","O"],"21":["H1","H2"],"22":["I","J"],"23":["L","M"],"24":["D","I"],"25":["Start 2","Start 2"],"26":["Start 3","P"],"27":["Start 3","Q"],"28":["P","R"],"29":["R","S"],"30":["R","T"],"31":["T","U"],"32":["Q","R"],"33":["S","T"],"34":["Start 3","Start 3"],"35":["T","V"],"36":["V","W"],"37":["V","X"],"38":["U","V"],"39":["R","Y"],"40":["Y","Y1"],"41":["Y1","Y2"],"42":["Y","Z"],"43":["Z","Z1"],"44":["Z1","Z2"],"45":["Y1","Z"],"46":["Y2","Z"],"47":["Start 4","Q"],"48":["Z","W"],"49":["Start 4","Start 4"],"50":["Start 4","R"],"51":["Z","Z2"]}}