{"World 1-1":{"1":["Start","A"],"2":["A","B"],"3":["A","C"]},"World 1-2":{"1":["Start","A"],"2":["Start","C"],"3":["A","B"],"4":["C","D"]},"World 1-3":{"1":["Start","A"],"2":["Start","B"],"3":["A","D"],"4":["B","C"],"5":["B","E"],"6":["C","F"],"7":["D","G"],"8":["D","C"],"9":["E","F"]},"World 1-4":{"1":["Start","A"],"2":["Start","B"],"3":["Start","G"],"4":["A","C"],"5":["G","H"],"6":["C","D"],"7":["C","E"],"8":["H","I"],"9":["I","J"],"10":["D","F"],"11":["B","C"],"12":["E","F"],"13":["I","F"]},"World 1-5":{"1":["Start","A"],"2":["A","B"],"3":["B","D"],"4":["B","C"],"5":["C","E"],"6":["C","F"],"7":["D","H"],"8":["E","G"],"9":["D","I"],"10":["E","I"]},"World 1-6":{"1":["Start","A"],"2":["Start","C"],"3":["A","E"],"4":["E","G"],"5":["C","H"],"6":["G","K"],"7":["K","M"],"8":["M","L"],"9":["M","J"],"10":["L","I"],"11":["J","D"],"12":["G","F"],"13":["F","B"],"14":["D","N"],"15":["H","K"],"16":["I","D"],"17":["B","N"]},"World 2-1":{"1":["Start","A"],"2":["A","B"],"3":["A","D"],"4":["B","C"],"5":["D","F"],"6":["D","E"]},"World 2-2":{"1":["Start","A"],"2":["Start","E"],"3":["A","B"],"4":["E","G"],"5":["B","C"],"6":["B","D"],"7":["E","F"],"8":["A","E"]},"World 2-3":{"1":["Start","C"],"2":["Start","A"],"3":["C","H"],"4":["C","D"],"5":["A","B"],"6":["D","E"],"7":["H","I"],"8":["I","J"],"9":["I","K"],"10":["E","F"],"11":["E","G"],"12":["B","E"]},"World 2-4":{"1":["Start","A"],"2":["A","K"],"3":["A","F"],"4":["A","B"],"5":["B","C"],"6":["C","D"],"7":["D","E"],"8":["K","L"],"9":["L","M"],"10":["M","N"],"11":["F","G"],"12":["G","I"],"13":["G","H"],"14":["L","O"],"15":["O","P"],"16":["I","J"],"17":["H","J"],"18":["O","J"],"19":["D","G"]},"World 2-5":{"1":["Start","A"],"2":["Start","B"],"3":["A","C"],"4":["B","F"],"5":["A","D"],"6":["B","E"],"7":["D","G"],"8":["D","H"],"9":["E","I"],"10":["H","J"],"11":["I","K"],"12":["H","L"],"13":["E","H"],"14":["I","H"],"15":["I","L"]},"World 3-1":{"1":["Start","D"],"2":["Start","A"],"3":["D","F"],"4":["A","B"],"5":["A","C"],"6":["D","E"]},"World 3-2":{"1":["Start","E"],"2":["Start","A"],"3":["Start","D"],"4":["E","F"],"5":["A","B"],"6":["B","C"],"7":["F","G"],"8":["F","H"],"9":["D","B"],"10":["D","F"]},"World 3-3":{"1":["Start","A"],"2":["A","B"],"3":["A","E"],"4":["A","H"],"5":["B","C"],"6":["E","F"],"7":["E","I"],"8":["C","D"],"9":["I","K"],"10":["I","J"],"11":["F","G"],"12":["H","I"],"13":["I","G"]},"World 3-4":{"1":["Start","A"],"2":["Start","J"],"3":["Start","K"],"4":["A","B"],"5":["A","F"],"6":["J","L"],"7":["F","G"],"8":["L","M"],"9":["B","C"],"10":["G","H"],"11":["M","N"],"12":["C","D"],"13":["H","I"],"14":["N","O"],"15":["H","E"],"16":["J","F"],"17":["K","L"],"18":["M","H"],"19":["C","H"],"20":["D","E"]},"World 3-5":{"1":["Start","A"],"2":["A","H"],"3":["A","D"],"4":["A","C"],"5":["A","E"],"6":["Start","B"],"7":["B","G"],"8":["C","F"],"9":["F","I"],"10":["G","J"],"11":["G","K"],"12":["B","E"],"13":["D","B"],"14":["E","F"],"15":["F","K"]},"World 4-1":{"1":["Start","E"],"2":["Start","A"],"3":["E","H"],"4":["E","F"],"5":["H","I"],"6":["A","B"],"7":["F","G"],"8":["B","C"],"9":["G","D"],"10":["F","I"],"11":["G","I"],"12":["B","D"]},"World 4-2":{"1":["Start","F"],"2":["Start","A"],"3":["A","B"],"4":["F","G"],"5":["F","E"],"6":["B","C"],"7":["G","H"],"8":["H","I"],"9":["C","D"],"10":["A","E"],"11":["E","H"],"12":["C","H"],"13":["H","D"]},"World 4-3":{"1":["Start","J"],"2":["Start","A"],"3":["A","B"],"4":["J","F"],"5":["J","K"],"6":["B","C"],"7":["F","D"],"8":["F","G"],"9":["G","H"],"10":["K","L"],"11":["D","E"],"12":["L","M"],"13":["G","I"],"14":["Start","F"],"15":["B","F"],"16":["F","K"],"17":["C","D"],"18":["B","D"],"19":["D","G"],"20":["K","G"],"21":["G","L"]},"World 4-4":{"1":["Start","A"],"2":["A","B"],"3":["A","I"],"4":["A","F"],"5":["B","C"],"6":["C","D"],"7":["C","G"],"8":["I","J"],"9":["C","E"],"10":["G","H"],"11":["F","C"],"12":["F","G"],"13":["I","G"],"14":["G","J"]},"World 4-5":{"1":["Start","A"],"2":["Start","B"],"3":["A","D"],"4":["A","C"],"5":["B","E"],"6":["C","F"],"7":["D","G"],"8":["E","H"],"9":["G","I"],"10":["F","J"],"11":["H","K"],"12":["J","L"],"13":["H","M"],"14":["B","C"],"15":["G","F"],"16":["I","F"],"17":["F","H"],"18":["I","J"],"19":["J","M"]},"World 5-1":{"1":["Start","B"],"2":["Start","A"],"3":["B","D"],"4":["A","C"],"5":["A","F"],"6":["C","E"],"7":["C","H"],"8":["E","G"],"9":["H","I"],"10":["D","F"],"11":["H","E"],"12":["F","H"]},"World 5-2":{"1":["Start","A"],"2":["A","B"],"3":["A","F"],"4":["B","G"],"5":["G","E"],"6":["B","C"],"7":["F","I"],"8":["G","H"],"9":["I","J"],"10":["E","D"],"11":["F","G"],"12":["I","H"],"13":["H","J"],"14":["C","D"]},"World 5-3":{"1":["Start","A"],"2":["A","B"],"3":["A","C"],"4":["B","D"],"5":["D","E"],"6":["D","F"],"7":["F","G"],"8":["G","H"],"9":["D","I"],"10":["I","J"],"11":["I","K"],"12":["C","D"],"13":["G","I"],"14":["H","I"]},"World 5-4":{"1":["Start","A"],"2":["Start","B"],"3":["Start","C"],"4":["B","F"],"5":["C","G"],"6":["F","I"],"7":["A","E"],"8":["A","D"],"9":["I","L"],"10":["L","N"],"11":["L","M"],"12":["E","H"],"13":["H","K"],"14":["H","J"],"15":["N","O"],"16":["G","I"],"17":["D","H"],"18":["H","M"],"19":["M","O"],"20":["K","O"]},"World 5-5":{"1":["Start","B"],"2":["Start","A"],"3":["A","F"],"4":["A","C"],"5":["A","D"],"6":["B","K"],"7":["K","M"],"8":["K","J"],"9":["J","I"],"10":["F","G"],"11":["I","H"],"12":["C","E"],"13":["E","L"],"14":["G","N"],"15":["I","G"],"16":["G","H"],"17":["D","E"],"18":["E","N"]},"World 6-1":{"1":["Start","G"],"2":["Start","A"],"3":["Start","B"],"4":["A","C"],"5":["A","D"],"6":["D","E"],"7":["E","H"],"8":["E","F"],"9":["F","I"],"10":["F","J"],"11":["F","K"],"12":["B","D"],"13":["C","D"]},"World 6-2":{"1":["Start","A"],"2":["Start","B"],"3":["B","C"],"4":["A","D"],"5":["D","E"],"6":["B","F"],"7":["D","G"],"8":["G","J"],"9":["E","H"],"10":["F","I"],"11":["G","K"],"12":["A","B"],"13":["B","D"],"14":["F","E"],"15":["H","J"],"16":["F","H"],"17":["H","K"],"18":["I","K"]},"World 6-3":{"1":["Start","A"],"2":["A","B"],"3":["A","C"],"4":["B","D"],"5":["C","E"],"6":["E","F"],"7":["E","G"],"8":["F","H"],"9":["H","I"],"10":["H","J"],"11":["D","E"],"12":["G","H"]},"World 6-4":{"1":["Start","A"],"2":["Start","B"],"3":["D","C"],"4":["A","D"],"5":["A","E"],"6":["C","F"],"7":["E","G"],"8":["K","H"],"9":["J","I"],"10":["H","J"],"11":["M","K"],"12":["J","L"],"13":["Start","M"],"14":["F","N"],"15":["B","D"],"16":["E","D"],"17":["G","D"],"18":["K","J"],"19":["L","I"],"20":["I","N"],"21":["J","N"]},"World 6-5":{"1":["Start","A"],"2":["Start","B"],"3":["A","C"],"4":["C","D"],"5":["C","E"],"6":["B","F"],"7":["D","G"],"8":["E","H"],"9":["E","I"],"10":["I","J"],"11":["G","K"],"12":["J","L"],"13":["G","M"],"14":["B","C"],"15":["H","G"],"16":["I","H"],"17":["F","I"],"18":["J","M"]}}