{"carrierBasedAircraftType3Ids":[6,7,8,9,10,21,22,33,39,40,43,45,46,50,51],"landBasedAircraftType3Ids":[6,7,8,9,10,21,22,33,37,38,39,40,43,44,45,46,47,48,49,50,51],"antiAirFighterType2Ids":[6,7,8,11,45,56,57,58],"antiAirLandBaseFighterType2Ids":[9,10,41,47,48,49,59,94],"antiLandDiveBomberIds":[64,148,233,277,305,306,319,320,391,392,420,421,474],"evadeAntiAirFireIds":[79,80,81,93,94,99,100,143,144,154,170,199,200,224,237,319,320,322,323,343,374,388,404,405,406,433,444,453,454,466,474,475,476,479,481,484,487,490,491],"highAltitudeInterceptorIds":[350,351,352],"airStrikeBomberType2Ids":[7,8,11,41,47,53,57,58],"aswAircraftType2Ids":[7,8,11,25,26,41,47,57],"aswDepthChargeProjectorIds":[44,45,287,288,377,472],"aswDepthChargeIds":[226,227,378,439,488],"aswArmorPenetrationIds":[226,227,377,378,439,472,488],"jetAircraftType2Ids":[56,57,58,59],"nightAircraftType3Ids":[45,46],"interceptorsType3Ids":[38,44],"interceptorsType2Ids":[48],"landBaseReconnType2Ids":[9,10,41,49,59,94],"airPowerInternalProficiency":[0,10,25,40,55,70,85,100,121],"airPowerAverageBonuses":[0,1.30384,1.78885,2.16795,2.48998,2.77489,3.03315,3.31662],"airPowerTypeBonuses":{"6":[0,0,2,5,9,14,14,22],"11":[0,0,1,1,1,3,3,6],"26":[0,0,2,5,9,14,14,22],"45":[0,0,2,5,9,14,14,22],"48":[0,0,2,5,9,14,14,22]},"antiAirResist":{"modifiers":{"level0":[1,1],"level1":[0.6,1],"level2":[0.6,0.7],"level3":[0.5,0.7],"level4":[0.5,0.5]},"planesLevel":{"79":1,"80":1,"81":2,"93":1,"94":1,"99":1,"100":2,"143":1,"144":1,"154":2,"170":1,"199":3,"200":4,"224":2,"237":2,"319":1,"320":1,"322":3,"323":4,"343":1,"374":1,"388":1,"404":1,"405":1,"406":1,"433":1,"444":1,"453":1,"454":2,"466":1,"474":1,"475":1,"476":1,"479":2,"481":1,"484":1,"487":1,"490":3,"491":1}},"akashiRemodelSuccess":{"182":{"0":100,"1":100,"2":100,"3":100,"4":95,"5":90,"6":80,"7":77,"8":72,"9":60,"10":50},"187":{"0":100,"1":100,"2":100,"3":100,"4":100,"5":95,"6":90,"7":82,"8":77,"9":67,"10":62}},"gauges":{"m15":4,"m16":7,"m25":4,"m35":4,"m44":4,"m45":5,"m52":4,"m53":5,"m54":5,"m55":5,"m62":3,"m63":4,"m64":5,"m65":6,"m71":3,"m72":3,"m73":3,"m74":5,"m75":2},"mapExps":{"1":[30,50,80,100,150,0],"2":[120,150,200,300,250,0],"3":[310,320,330,350,400,0],"4":[310,320,330,340,0,0],"5":[360,380,400,420,450,0],"6":[380,420,0,0,0,0],"7":[200,200,0,0,0,0]},"maelstromLoss":{"m13":{"8":[1,20,0.4,1.5]},"m24":{"3":[1,30,0.3,0.3]},"m25":{"7":[1,150,0.4,1.5]},"m32":{"7":[1,30,0.35,0.35]},"m33":{"3":[1,40,0.3,0.3],"6":[1,40,0.4,1.5]},"m34":{"4":[1,0,0.3,0.3],"6":[1,70,0.4,1.5]},"m43":{"5":[2,60,0.35,0.35],"11":[1]},"m44":{"4":[1]},"m45":{"18":[1,100,0.35,0.35]},"m51":{"1":[1,0,0.3,0.3]},"m52":{"1":[1,70,0.3,0.3],"13":[1,100,0.4,1.5]},"m53":{"12":[1,70,0.3,0.3]},"m54":{"4":[1,0,0.3,0.3],"11":[1,120,0.4,1.5],"17":[1,0,0.3,0.3]},"m55":{"4":[1,80,0.35,0.35],"12":[1,120,0.4,1.5],"21":[1,120,0.4,1.5],"22":[1,120,0.4,1.5]},"m62":{"4":[2,15,0.4,1.5],"13":[2,15,0.4,1.5]},"m71":{"1":[2,0,0.35,0.35]},"m72":{"1":[1,40,0.3,0.3]},"m73":{"13":[1],"14":[1,0,0.35,0.35]}},"elosNodeFactors":{"m16":{"M":{"factor":3,"lower":[28,"L"],"upper":[30,"J"]}},"m25":{"G":{"factor":1,"lower":[37,"K"],"upper":[41,"L"],"note":"?"},"I":{"factor":1,"lower":[31,"H"],"upper":[34,"O"]},"J":{"factor":1,"lower":[42,"H"],"upper":[49,"O"],"note":"?"}},"m35":{"G":{"factor":4,"lower":[23,"I"],"upper":[28,"K"]},"H":{"factor":4,"lower":[35,"J"],"upper":[40,"K"],"note":"?"}},"m45":{"K":{"factor":2,"lower":[63,"L"],"upper":[70,"T"],"note":"?"},"Q":{"factor":2,"lower":[55,"P"],"upper":[59,"N/O"],"note":"?"}},"m52":{"F":{"factor":2,"lower":[63,"H"],"upper":[70,"I/O"]},"L":{"factor":2,"lower":[60,"M"],"upper":[62,"K"]}},"m54":{"L":{"factor":2,"lower":[56,"N"],"upper":[60,"P"],"note":"?"},"M":{"factor":2,"lower":[41,"O"],"upper":[45,"P"]}},"m55":{"O":{"factor":2,"lower":[63,"R"],"upper":[66,"S"]},"P":{"factor":2,"lower":[73,"Q"],"upper":[80,"S"],"note":"?"}},"m61":{"G":{"factor":4,"lower":[12,"I"],"upper":[16,"H"]},"Has":{"factor":4,"lower":[20,"E"],"upper":[25,"K"],"node":"H","note":"+AS"},"H":{"factor":4,"lower":[20,"E"],"upper":[36,"J/K"],"node":"H","note":"-AS"}},"m62":{"E":{"factor":3,"lower":[43,"I"],"upper":[50,"J"]},"H":{"factor":3,"lower":[0,"G"],"upper":[43,"K"],"note":"?"},"I":{"factor":3,"lower":[35,"G"],"upper":[40,"K"]}},"m63":{"H":{"factor":3,"lower":[36,"I"],"upper":[38,"J"]}},"m65":{"G":{"factor":3,"lower":[0,"K"],"upper":[50,"M"],"note":"?"},"J":{"factor":3,"lower":[0,"L"],"upper":[35,"M"],"note":"?"}},"m72":{"E":{"factor":4,"lower":[0,"F"],"upper":[46,"G"],"note":"?"},"I":{"factor":4,"lower":[63,"L"],"upper":[69,"M"]}},"m75":{"I":{"factor":4,"lower":[0,"L"],"upper":[55,"M"],"note":"?"},"P":{"factor":4,"lower":[0,"R/S"],"upper":[58,"T"],"note":"on compo? up to 63"}}},"specialQuotesSizes":{"6":{"2":{"65688":{"EarlySummer":[6,7,8],"Anniversary2018":[4,5]}}},"13":{"2":{"78456":{"Saury":[8,9,10],"Anniversary2018":[4,5]}}},"18":{"2":{"69888":{"Setsubun":[1,2],"Anniversary":[4,5,6]}}},"24":{"2":{"87192":{"Rainy2018":[5,6,7],"Saury2018":[8,9,10]}}},"44":{"2":{"49728":{"Setsubun":[1,2],"Xmas":[12]}}},"45":{"2":{"52584":{"Valentines":[2],"Spring":[3,4,5],"NotFall":[8,9,10,11]}}},"51":{"2":{"97440":{"Valentines":[2,3],"Anniversary2018":[4,5]}}},"56":{"2":{"57288":{"Rainy":[5,6,7],"Saury2017":[8,9,10]}}},"68":{"2":{"58800":{"NewYears":[1,2],"Rainy":[5,6,7]},"119784":{"WhiteDay2018":[3,4],"LateFall2018":[9,10,11,12,1]}}},"72":{"2":{"61488":{"Fall":[9,10,11],"Anniversary2018":[4,5]}}},"90":{"2":{"60312":{"Setsubun":[1,2],"Saury":[8,9,10]}}},"111":{"2":{"69552":{"WhiteDay":[3,4],"Leyte":[1,2,5,6,7,8,9,10,11,12]}}},"115":{"2":{"66024":{"WhiteDay":[3],"Anniversary":[4,5,6]}}},"124":{"2":{"66528":{"EarlySummer":[6,7,8],"Xmas":[12,1]},"78288":{"Setsubun":[1,2],"WhiteDay":[3,4]}}},"139":{"2":{"72408":{"Summer2017":[6,7,8],"Leyte":[2,3]}}},"162":{"3":{"72912":{"Xmas2017":[12,1],"Anniversary2020":[4,5,6]}}},"169":{"2":{"90888":{"Fall":[9,10,11],"Xmas":[12,1]}},"3":{"79800":{"Saury2018":[8,9,10],"Anniversary2020":[4,5,6]}}},"186":{"2":{"67872":{"Summer":[6,7,8,9],"Anniversary2022":[4,5]},"72408":{"Valentines":[2,3],"Xmas":[12,1]}}},"423":{"2":{"91896":{"YearsEnd":[12,1],"WhiteDay":[3,4]}}},"424":{"2":{"78120":{"EarlySummer":[6,7,8],"Anniversary2018":[4,5]}}},"448":{"2":{"54936":{"Valentines":[2,3],"Saury":[8,9,10]}}},"454":{"2":{"66864":{"Spring":[3,4,5],"EarlySummer":[6,7,8]}}},"465":{"2":{"65688":{"Spring":[3],"Anniversary":[4,5,6]}}},"474":{"2":{"96432":{"LateFall2017":[9,10,11],"Xmas2017":[12,1]}}},"481":{"2":{"86856":{"Summer2017":[6,7,8,9],"Xmas":[12,1]}}},"485":{"2":{"57792":{"WhiteDay2018":[3,4],"Homecoming":[1,2,5,6,7,8,9,10,11,12]}}},"511":{"2":{"52416":{"Fall2017":[9,10,11],"Xmas2017":[12,1]}}},"519":{"3":{"59640":{"WhiteDay2019":[3],"Anniversary2020":[4,5,6]}}},"524":{"2":{"37632":{"WhiteDay2018":[3],"Anniversary2021":[4,5,6]}}},"534":{"2":{"49560":{"NewYears2019":[1,2],"Anniversary2022":[4,5,6]},"49896":{"WhiteDay2019":[3],"Anniversary2021":[4,5,6]}}},"552":{"2":{"102144":{"WhiteDay2019":[3],"Anniversary2021":[4,5,6]}}},"575":{"2":{"72912":{"Xmas2018":[12,1],"Summer2020":[6,7,8,9]}}},"601":{"2":{"89208":{"Setsubun2020":[1,2],"WhiteDay2020":[3,4]}}},"621":{"2":{"93912":{"YearsEnd2020":[12,1],"Anniversary2021":[4,5,6]}}},"636":{"2":{"63000":{"Fall2020":[9,10,11],"Anniversary2022":[4,5,6]}}},"637":{"2":{"128856":{"Summer2021":[6,7,8,9],"Saury2021":[10,11]}}},"641":{"2":{"42000":{"Valentines2021":[2,3],"Summer2022":[6,7,8,9]}}},"643":{"2":{"92064":{"YearsEnd2022":[12],"NewYears2023":[1]}}}}}