{"tpMultipliers":{"stype":{"0":0,"1":0,"2":5,"3":2,"4":0,"5":0,"6":4,"7":0,"8":0,"9":0,"10":7,"11":0,"13":0,"14":1,"16":9,"17":12,"18":0,"20":7,"21":6,"22":15},"slots":{"68":8,"75":5,"145":1,"150":1,"166":8,"167":2,"193":8,"230":8,"241":1,"355":8,"408":8,"409":8,"436":8,"449":8,"482":8,"494":8,"495":8}},"eventMapGauges":{"72":{"1":{"type":"kills","boss":[7]},"2":{"type":"kills","boss":[15]}},"73":{"1":{"type":"kills","boss":[5,8]},"2":{"type":"kills","boss":[18,23,24,25]}},"75":{"1":{"type":"kills","boss":[11]},"2":{"type":"kills","boss":[19]},"3":{"type":"kills","boss":[24,25]}},"415":{"1":{"type":"tp","boss":[12],"landing":[9]},"2":{"type":"hp","boss":[23]}},"416":{"1":{"type":"hp","boss":[18]},"2":{"type":"hp","boss":[24]},"3":{"type":"hp","boss":[26]}},"417":{"1":{"type":"hp","boss":[28]},"2":{"type":"hp","boss":[32]}},"422":{"1":{"type":"tp","boss":[9],"landing":[7]},"2":{"type":"hp","boss":[16]}},"423":{"1":{"type":"hp","boss":[21]},"2":{"type":"hp","boss":[25]},"3":{"type":"hp","boss":[25]}},"424":{"1":{"type":"tp","boss":[12],"landing":[11]},"2":{"type":"hp","boss":[29,33]}},"425":{"1":{"type":"hp","boss":[10,13]},"2":{"type":"hp","boss":[26]},"3":{"type":"hp","boss":[35,40]}},"431":{"1":{"type":"tp","boss":[7],"landing":[6]},"2":{"type":"hp","boss":[15,17,18]}},"432":{"1":{"type":"hp","boss":[11]},"2":{"type":"hp","boss":[22,37]}},"433":{"1":{"type":"tp","boss":[19],"landing":[16,25,26]},"2":{"type":"hp","boss":[33,35,38]}},"442":{"1":{"type":"tp","boss":[12],"landing":[11]},"2":{"type":"hp","boss":[32]}},"443":{"1":{"type":"hp","boss":[14]},"2":{"type":"hp","boss":[25,30]}},"445":{"1":{"type":"hp","boss":[17,24]},"2":{"type":"hp","boss":[33,40]}},"452":{"1":{"type":"hp","boss":[14]},"2":{"type":"hp","boss":[28,30,31]}},"453":{"1":{"type":"hp","boss":[10]},"2":{"type":"hp","boss":[26]}},"461":{"1":{"type":"hp","boss":[8]},"2":{"type":"hp","boss":[14]}},"463":{"1":{"type":"hp","boss":[13,22]},"2":{"type":"hp","boss":[26]}},"464":{"1":{"type":"tp","boss":[16],"landing":[14]},"2":{"type":"hp","boss":[28]}},"465":{"1":{"type":"hp","boss":[10]},"2":{"type":"hp","boss":[20,21,22]}},"466":{"1":{"type":"tp","boss":[16],"landing":[15]},"2":{"type":"hp","boss":[31]}},"471":{"1":{"type":"tp","boss":[9],"landing":[8]},"2":{"type":"hp","boss":[10,23]},"3":{"type":"hp","boss":[28,29]}},"481":{"1":{"type":"tp","boss":[13],"landing":[12]},"2":{"type":"hp","boss":[22,23]}},"482":{"1":{"type":"hp","boss":[13,18]},"2":{"type":"hp","boss":[25,27]}},"484":{"1":{"type":"tp","boss":[13],"landing":[12,16]},"2":{"type":"tp","boss":[22],"landing":[20]},"3":{"type":"hp","boss":[36]}},"485":{"1":{"type":"hp","boss":[38,41]},"2":{"type":"tp","boss":[50],"landing":[45,51]}},"486":{"1":{"type":"hp","boss":[24]},"2":{"type":"hp","boss":[36,37]}},"487":{"1":{"type":"hp","boss":[22,34]},"2":{"type":"hp","boss":[44,47,48]},"3":{"type":"hp","boss":[56,58,59]}},"491":{"1":{"type":"hp","boss":[10]},"2":{"type":"tp","boss":[17],"landing":[16,18,19]}},"492":{"1":{"type":"tp","boss":[14],"landing":[11]},"2":{"type":"hp","boss":[24,26]}},"493":{"1":{"type":"tp","boss":[17,23],"landing":[13]},"2":{"type":"tp","boss":[30],"landing":[27]},"3":{"type":"hp","boss":[40,41]}},"494":{"1":{"type":"tp","boss":[17],"landing":[16,25]},"2":{"type":"tp","boss":[31],"landing":[30]},"3":{"type":"hp","boss":[39,41]}},"501":{"1":{"type":"hp","boss":[10]},"2":{"type":"hp","boss":[21]},"3":{"type":"hp","boss":[28,29]}},"502":{"1":{"type":"tp","boss":[17],"landing":[10,19]},"2":{"type":"hp","boss":[27]},"3":{"type":"hp","boss":[35]}},"503":{"1":{"type":"tp","boss":[14],"landing":[13,41]},"2":{"type":"hp","boss":[33,36]},"3":{"type":"hp","boss":[39]}},"504":{"1":{"type":"hp","boss":[12,15,16]},"2":{"type":"tp","boss":[32],"landing":[30]},"3":{"type":"hp","boss":[55,57]},"4":{"type":"hp","boss":[62,64]}},"505":{"1":{"type":"hp","boss":[12]},"2":{"type":"hp","boss":[32,40,41]},"3":{"type":"hp","boss":[53,54]}},"511":{"1":{"type":"hp","boss":[11]},"2":{"type":"tp","boss":[19],"landing":[21]},"3":{"type":"hp","boss":[31]}},"512":{"1":{"type":"tp","boss":[11],"landing":[8,14,15]},"2":{"type":"hp","boss":[34,37]},"3":{"type":"hp","boss":[39,41]}},"513":{"1":{"type":"hp","boss":[13,19]},"2":{"type":"hp","boss":[28,31]},"3":{"type":"tp","boss":[53],"landing":[51]},"4":{"type":"hp","boss":[56,60,61]}},"521":{"1":{"type":"hp","boss":[14]},"2":{"type":"hp","boss":[21]}},"522":{"1":{"type":"tp","boss":[20],"landing":[18]},"2":{"type":"hp","boss":[24,25]}},"523":{"1":{"type":"tp","boss":[9],"landing":[8,12]},"2":{"type":"hp","boss":[23]},"3":{"type":"hp","boss":[45]}},"532":{"1":{"type":"tp","boss":[12],"landing":[10]},"2":{"type":"hp","boss":[38]}},"533":{"1":{"type":"hp","boss":[12]},"2":{"type":"tp","boss":[23],"landing":[20,24,25]},"3":{"type":"hp","boss":[34,37,38]}},"534":{"1":{"type":"hp","boss":[12,21]},"2":{"type":"tp","boss":[34],"landing":[32,41]},"3":{"type":"hp","boss":[56,57]}},"535":{"1":{"type":"hp","boss":[10,12]},"2":{"type":"hp","boss":[23]},"3":{"type":"hp","boss":[47]}},"541":{"1":{"type":"hp","boss":[22]}},"542":{"1":{"type":"tp","boss":[15],"landing":[13]},"2":{"type":"tp","boss":[31],"landing":[29,33]},"3":{"type":"hp","boss":[39]}},"543":{"1":{"type":"hp","boss":[22]},"2":{"type":"tp","boss":[32],"landing":[31]},"3":{"type":"hp","boss":[37]}},"544":{"1":{"type":"hp","boss":[17,18]},"2":{"type":"hp","boss":[29,32]},"3":{"type":"hp","boss":[39,41]}},"545":{"1":{"type":"hp","boss":[20]},"2":{"type":"tp","boss":[42],"landing":[41]},"3":{"type":"hp","boss":[65]},"4":{"type":"hp","boss":[80,82]}},"552":{"1":{"type":"tp","boss":[11],"landing":[9]},"2":{"type":"hp","boss":[28,31]}},"553":{"1":{"type":"hp","boss":[23]},"2":{"type":"hp","boss":[40,41,42]}},"554":{"1":{"type":"hp","boss":[14]},"2":{"type":"tp","boss":[41],"landing":[39]}},"555":{"1":{"type":"tp","boss":[10],"landing":[9,14]},"2":{"type":"tp","boss":[23],"landing":[20]},"3":{"type":"hp","boss":[24]},"4":{"type":"hp","boss":[32,34,35,36]}},"556":{"1":{"type":"tp","boss":[14],"landing":[13,15]},"2":{"type":"tp","boss":[27],"landing":[25]},"3":{"type":"hp","boss":[35,36]},"4":{"type":"hp","boss":[40]}},"561":{"1":{"type":"hp","boss":[23,24]},"2":{"type":"hp","boss":[30,31]}},"562":{"1":{"type":"hp","boss":[13]},"2":{"type":"hp","boss":[22,24]},"3":{"type":"hp","boss":[42,44]}},"563":{"1":{"type":"tp","boss":[15],"landing":[6]},"2":{"type":"hp","boss":[39]},"3":{"type":"hp","boss":[51]}},"564":{"1":{"type":"tp","boss":[21],"landing":[19]},"2":{"type":"hp","boss":[32,33]}},"565":{"1":{"type":"hp","boss":[31]},"2":{"type":"tp","boss":[49],"landing":[47]},"3":{"type":"hp","boss":[54]}},"566":{"1":{"type":"hp","boss":[7]},"2":{"type":"tp","boss":[20],"landing":[18,23]},"3":{"type":"hp","boss":[37]},"4":{"type":"hp","boss":[44,51]}}},"abyssKaiShipIds":[1565,1566,1567,1616,1617,1618,1714,1715,1734,1735,1765,1766,1778,1779,1780,1858,1859,1860,1861,1895,1896,1897,1904,1905,1953,1954,1955,1956],"abyssNonBossIds":[1541,1542,1543,1549,1550,1551,1552,1553,1554,1555,1558,1559,1560,1561,1562,1563,1564,1570,1571,1572,1575,1576,1577,1578,1579,1580,1591,1592,1593,1594,1595,1614,1615,1621,1622,1623,1624,1637,1638,1639,1640,1665,1666,1667,1739,1740,1741,1742,1743,1744,1761,1762,1763,1764,1776,1777,1862,1951,1952,1998,1999,2012,2013,2014,2050,2051,2052,2101,2102,2103,2104],"lockingTagConfigs":{"maxTagAmount":8,"moTagIds":[0,1,2,3,4],"eoTagIds":[0,1,2,3,4,5,6,7]},"lockingTagColors":{"legacy":["#aaaaaa","#cfe37a","#65bf9a","#149009","#54a3c2","#888888","#eb9528","#836cbc","#4153b9","#f5cd82","#efde4a","#ce819c","#759900","#27c843","#e07000","#666666"],"dark":["#909090","#90b10d","#62a98d","#0e6106","#1876a2","#707070","#924a22","#4c3f6b","#234052","#c3a23c","#8a802b","#902a49","#465b00","#217039","#6c4513","#505050"]}}