{"World 1-1":{"letters":{"A":[600,339],"B":[849,213],"C":[870,505]}},"World 1-2":{"letters":{"A":[492,187],"B":[505,343],"C":[713,509],"D":[800,185],"E":[979,382]},"markers":[{"img":"client/ammo.png","pos":[470,345],"size":[27,27]}]},"World 1-3":{"letters":{"A":[945,324],"B":[829,323],"C":[825,522],"D":[792,163],"E":[782,408],"F":[602,497],"G":[464,233],"H":[434,382],"I":[280,420],"J":[349,520]},"markers":[{"img":"client/fuel.png","pos":[415,194],"size":[27,27]},{"img":"client/fuel.png","pos":[754,130],"size":[27,27]},{"img":"client/maelstrom.png","pos":[425,353],"size":[27,27]}]},"World 1-4":{"letters":{"A":[310,394],"B":[307,233],"C":[477,244],"D":[482,490],"E":[642,380],"F":[676,215],"G":[716,487],"H":[819,369],"I":[891,173],"J":[922,462],"K":[1056,526],"L":[1057,356]},"markers":[{"img":"client/steel.png","pos":[477,191],"size":[27,27]},{"img":"client/bauxite.png","pos":[713,443],"size":[27,27]},{"img":"client/ammo.png","pos":[601,329],"size":[27,27]}]},"World 1-5":{"letters":{"A":[533,223],"B":[635,461],"C":[712,322],"D":[747,185],"E":[832,346],"F":[899,260],"G":[974,363],"H":[1021,498],"I":[1070,343],"J":[808,522]},"markers":[{"img":"abyss/532.png","pos":[550,195],"size":[40,40]},{"img":"abyss/533.png","pos":[785,138],"size":[40,40]},{"img":"abyss/533.png","pos":[845,305],"size":[40,40]},{"img":"abyss/533.png","pos":[930,215],"size":[40,40]},{"img":"abyss/572.png","pos":[736,516],"size":[50,50]}]},"World 1-6":{"letters":{"A":[366,466],"B":[394,411],"C":[457,350],"D":[459,286],"E":[516,529],"F":[540,470],"G":[641,553],"H":[686,352],"I":[689,287],"J":[792,189],"K":[884,351],"L":[887,286],"M":[1051,321]},"markers":[{"img":"abyss/532.png","pos":[478,357],"size":[40,40]},{"img":"abyss/532.png","pos":[477,543],"size":[40,40]},{"img":"client/ammo.png","pos":[652,534],"size":[27,27]},{"img":"abyss/535.png","pos":[682,239],"size":[40,40]},{"img":"client/fuel.png","pos":[1059,280],"size":[27,27]}]},"World 2-1":{"letters":{"A":[151,371],"B":[211,181],"C":[384,349],"D":[678,418],"E":[722,239],"F":[956,317],"G":[1069,364],"H":[965,483]},"markers":[{"img":"client/steel.png","pos":[236,146],"size":[27,27]},{"img":"client/ibuild.png","pos":[697,172],"size":[27,27]}]},"World 2-2":{"letters":{"A":[144,405],"B":[340,482],"C":[460,368],"D":[558,521],"E":[652,426],"F":[698,256],"G":[811,343],"H":[903,312],"I":[967,174],"J":[1052,356],"K":[909,525]},"markers":[{"img":"client/bauxite.png","pos":[170,370],"size":[27,27]},{"img":"client/bauxite.png","pos":[671,198],"size":[27,27]},{"img":"client/ibuild.png","pos":[1044,297],"size":[27,27]}]},"World 2-3":{"letters":{"A":[259,396],"B":[364,197],"C":[394,286],"D":[548,497],"E":[592,150],"F":[669,315],"G":[707,418],"H":[728,211],"I":[725,538],"J":[813,269],"K":[846,414],"L":[999,201],"M":[1098,296],"N":[1080,390]},"markers":[{"img":"client/fuel.png","pos":[514,497],"size":[27,27]},{"img":"client/ammo.png","pos":[700,369],"size":[27,27]},{"img":"client/ammo.png","pos":[742,177],"size":[27,27]},{"img":"client/fuel.png","pos":[738,510],"size":[27,27]}]},"World 2-4":{"letters":{"A":[227,151],"B":[288,354],"C":[330,245],"D":[325,438],"E":[466,520],"F":[481,181],"G":[551,288],"H":[605,375],"I":[641,462],"J":[703,237],"K":[777,464],"L":[831,321],"M":[874,178],"N":[883,400],"O":[983,520],"P":[1067,303]},"markers":[{"img":"client/maelstrom.png","pos":[310,221],"size":[27,27]},{"img":"client/bucket.png","pos":[236,102],"size":[27,27]},{"img":"client/fuel.png","pos":[345,406],"size":[27,27]},{"img":"client/devmat.png","pos":[519,313],"size":[27,27]},{"img":"client/ammo.png","pos":[901,360],"size":[27,27]}]},"World 2-5":{"letters":{"A":[242,146],"B":[319,265],"C":[403,469],"D":[551,516],"E":[560,357],"F":[580,173],"G":[751,461],"H":[789,226],"I":[817,299],"J":[860,200],"K":[877,529],"L":[916,370],"M":[945,151],"N":[1055,474],"O":[1043,312]},"markers":[{"img":"client/maelstrom.png","pos":[737,434],"size":[27,27]},{"img":"client/fuel.png","pos":[956,103],"size":[27,27]},{"img":"client/steel.png","pos":[1038,429],"size":[27,27]},{"img":"abyss/529.png","pos":[1038,221],"size":[50,50]}]},"World 3-1":{"letters":{"A":[291,369],"B":[448,334],"C":[587,388],"D":[788,285],"E":[871,172],"F":[1030,509],"G":[1059,262]},"markers":[{"img":"client/ammo.png","pos":[287,311],"size":[27,27]}]},"World 3-2":{"letters":{"A":[419,318],"B":[442,211],"C":[467,531],"D":[514,275],"E":[555,393],"F":[625,287],"G":[619,466],"H":[725,420],"I":[821,380],"J":[912,495],"K":[1053,511],"L":[815,277]},"markers":[{"img":"client/ammo.png","pos":[392,203],"size":[27,27]},{"img":"client/maelstrom.png","pos":[601,442],"size":[27,27]},{"img":"client/box1.png","pos":[770,339],"size":[27,27]}]},"World 3-3":{"letters":{"A":[307,455],"B":[461,532],"C":[457,236],"D":[475,367],"E":[653,190],"F":[794,502],"G":[812,314],"H":[860,401],"I":[872,184],"J":[887,489],"K":[984,481],"L":[1088,468],"M":[1025,248]},"markers":[{"img":"client/maelstrom.png","pos":[437,213],"size":[27,27]},{"img":"client/box2.png","pos":[478,312],"size":[27,27]},{"img":"client/maelstrom.png","pos":[773,477],"size":[27,27]},{"img":"client/box3.png","pos":[860,344],"size":[27,27]}]},"World 3-4":{"letters":{"A":[265,255],"B":[375,363],"C":[403,221],"D":[414,511],"E":[550,317],"F":[554,174],"G":[606,420],"H":[658,540],"I":[736,240],"J":[796,349],"K":[793,297],"L":[847,503],"M":[867,198],"N":[968,432],"O":[1047,523],"P":[1069,387]},"markers":[{"img":"client/maelstrom.png","pos":[396,486],"size":[27,27]},{"img":"client/bauxite.png","pos":[522,271],"size":[27,27]},{"img":"client/maelstrom.png","pos":[563,146],"size":[27,27]},{"img":"client/box3.png","pos":[807,270],"size":[27,27]},{"img":"client/box2.png","pos":[1066,484],"size":[27,27]},{"img":"abyss/528.png","pos":[1064,290],"size":[51,51]}]},"World 3-5":{"letters":{"A":[198,290],"B":[349,275],"C":[500,451],"D":[587,180],"E":[641,342],"F":[680,506],"G":[817,395],"H":[840,220],"I":[963,423],"J":[966,133],"K":[1005,292]},"markers":[{"img":"client/ammo.png","pos":[950,85],"size":[27,27]},{"img":"abyss/587.png","pos":[798,150],"size":[40,40]},{"img":"abyss/591.png","pos":[1019,203],"size":[50,50]}]},"World 4-1":{"letters":{"A":[275,319],"B":[398,448],"C":[504,262],"D":[646,472],"E":[683,229],"F":[714,363],"G":[838,526],"H":[873,370],"I":[1020,262],"J":[1032,383]},"markers":[{"img":"client/fuel.png","pos":[414,400],"size":[27,27]},{"img":"abyss/532.png","pos":[675,430],"size":[40,40]}]},"World 4-2":{"letters":{"A":[808,244],"B":[775,486],"C":[610,340],"D":[562,523],"E":[562,169],"F":[373,176],"G":[317,285],"H":[318,463],"I":[237,314],"J":[209,211],"K":[167,372],"L":[434,390]},"markers":[{"img":"client/bauxite.png","pos":[198,152],"size":[27,27]},{"img":"client/steel.png","pos":[155,310],"size":[27,27]},{"img":"abyss/533.png","pos":[255,447],"size":[40,40]}]},"World 4-3":{"letters":{"A":[810,234],"B":[724,172],"C":[732,462],"D":[663,369],"E":[612,152],"F":[589,513],"G":[571,284],"H":[508,454],"I":[403,354],"J":[388,189],"K":[312,543],"L":[215,434],"M":[152,312],"N":[393,478]},"markers":[{"img":"client/fuel.png","pos":[715,104],"size":[27,27]},{"img":"client/maelstrom.png","pos":[592,128],"size":[27,27]},{"img":"client/bauxite.png","pos":[375,128],"size":[27,27]},{"img":"client/maelstrom.png","pos":[295,517],"size":[27,27]},{"img":"abyss/533.png","pos":[718,392],"size":[40,40]},{"img":"abyss/533.png","pos":[780,177],"size":[40,40]},{"img":"abyss/573.png","pos":[317,363],"size":[50,50]}]},"World 4-4":{"letters":{"A":[819,291],"B":[804,418],"C":[693,184],"D":[663,387],"E":[640,285],"F":[603,490],"G":[473,178],"H":[457,544],"I":[438,346],"J":[307,254],"K":[316,410]},"markers":[{"img":"client/fuel.png","pos":[709,140],"size":[27,27]},{"img":"client/maelstrom.png","pos":[644,359],"size":[27,27]},{"img":"client/steel.png","pos":[285,198],"size":[27,27]},{"img":"abyss/533.png","pos":[580,295],"size":[40,40]},{"img":"abyss/545.png","pos":[235,307],"size":[50,50]}]},"World 4-5":{"letters":{"A":[1017,377],"B":[987,516],"C":[936,193],"D":[890,352],"E":[856,539],"F":[823,145],"G":[794,294],"H":[793,411],"I":[718,166],"J":[691,300],"K":[672,477],"L":[549,432],"M":[475,541],"N":[447,394],"O":[431,266],"P":[364,175],"Q":[278,236],"R":[236,406],"S":[221,284],"T":[640,376]},"markers":[{"img":"client/route_select.png","pos":[948,149],"size":[30,30]},{"img":"client/route_select.png","pos":[1026,339],"size":[30,30]},{"img":"client/route_select.png","pos":[702,128],"size":[30,30]},{"img":"client/maelstrom.png","pos":[225,379],"size":[27,27]},{"img":"abyss/571.png","pos":[928,457],"size":[40,40]},{"img":"abyss/535.png","pos":[826,324],"size":[40,40]},{"img":"abyss/535.png","pos":[846,97],"size":[40,40]},{"img":"abyss/601.png","pos":[631,483],"size":[40,40]},{"img":"abyss/571.png","pos":[415,188],"size":[40,40]},{"img":"abyss/613.png","pos":[591,279],"size":[50,50]}]},"World 5-1":{"letters":{"A":[289,426],"B":[383,344],"C":[459,218],"D":[505,504],"E":[626,502],"F":[716,344],"G":[762,450],"H":[823,337],"I":[842,528],"J":[959,473]},"markers":[{"img":"client/maelstrom.png","pos":[274,397],"size":[27,27]},{"img":"client/steel.png","pos":[477,174],"size":[27,27]},{"img":"client/fuel.png","pos":[834,282],"size":[27,27]},{"img":"abyss/534.png","pos":[612,430],"size":[40,40]}]},"World 5-2":{"letters":{"A":[987,295],"B":[910,411],"C":[861,475],"D":[609,412],"E":[559,497],"F":[441,366],"G":[405,235],"H":[348,327],"I":[343,379],"J":[310,179],"K":[256,456],"L":[215,252],"M":[159,396],"N":[123,274],"O":[388,539]},"markers":[{"img":"client/maelstrom.png","pos":[968,271],"size":[27,27]},{"img":"client/ammo.png","pos":[429,197],"size":[27,27]},{"img":"client/bauxite.png","pos":[315,126],"size":[27,27]},{"img":"client/maelstrom.png","pos":[151,367],"size":[27,27]},{"img":"abyss/619.png","pos":[326,536],"size":[50,50]}]},"World 5-3":{"letters":{"A":[309,498],"B":[425,450],"C":[480,183],"D":[538,228],"E":[559,390],"F":[563,443],"G":[603,334],"H":[659,445],"I":[695,354],"J":[780,242],"K":[773,443],"L":[784,364],"M":[793,174],"N":[851,340],"O":[892,410],"P":[955,496],"Q":[537,319]},"markers":[{"img":"client/ammo.png","pos":[527,448],"size":[27,27]},{"img":"client/steel.png","pos":[624,447],"size":[27,27]},{"img":"client/maelstrom.png","pos":[768,338],"size":[27,27]},{"img":"client/route_select.png","pos":[878,383],"size":[30,30]},{"img":"abyss/548.png","pos":[428,314],"size":[50,50]}]},"World 5-4":{"letters":{"A":[252,430],"B":[387,291],"C":[462,183],"D":[519,400],"E":[548,354],"F":[552,510],"G":[645,202],"H":[662,398],"I":[699,468],"J":[752,458],"K":[799,150],"L":[875,317],"M":[892,548],"N":[921,182],"O":[1068,508],"P":[1013,297]},"markers":[{"img":"client/maelstrom.png","pos":[492,387],"size":[27,27]},{"img":"client/ammo.png","pos":[664,478],"size":[27,27]},{"img":"client/maelstrom.png","pos":[768,138],"size":[27,27]},{"img":"abyss/558.png","pos":[1012,187],"size":[50,50]}]},"World 5-5":{"letters":{"A":[186,367],"B":[383,219],"C":[386,460],"D":[435,399],"E":[453,505],"F":[481,296],"G":[516,528],"H":[559,366],"I":[592,553],"J":[624,245],"K":[652,151],"L":[661,454],"M":[750,524],"N":[776,364],"O":[839,468],"P":[873,266],"Q":[1009,221],"R":[1036,526],"S":[1047,390]},"markers":[{"img":"client/maelstrom.png","pos":[418,373],"size":[27,27]},{"img":"client/fuel.png","pos":[418,514],"size":[27,27]},{"img":"client/route_select.png","pos":[475,239],"size":[31,31]},{"img":"client/maelstrom.png","pos":[653,426],"size":[27,27]},{"img":"abyss/535.png","pos":[411,181],"size":[40,40]},{"img":"abyss/562.png","pos":[867,191],"size":[40,40]},{"img":"abyss/548.png","pos":[1046,301],"size":[50,50]}]},"World 6-1":{"letters":{"A":[371,267],"B":[389,496],"C":[469,358],"D":[546,158],"E":[566,460],"F":[612,273],"G":[683,395],"H":[748,522],"I":[782,188],"J":[994,525],"K":[1012,396]},"markers":[{"img":"abyss/585.png","pos":[773,140],"size":[40,40]},{"img":"abyss/579.png","pos":[946,274],"size":[50,50]}]},"World 6-2":{"letters":{"A":[300,493],"B":[372,262],"C":[430,399],"D":[630,234],"E":[624,523],"F":[643,376],"G":[764,308],"H":[783,196],"I":[832,429],"J":[949,431],"K":[1024,232]},"markers":[{"img":"client/maelstrom.png","pos":[603,214],"size":[27,27]},{"img":"abyss/558.png","pos":[1045,157],"size":[50,50]}]},"World 6-3":{"letters":{"A":[349,314],"B":[391,219],"C":[448,449],"D":[525,185],"E":[600,308],"F":[743,475],"G":[756,289],"H":[919,396],"I":[985,506],"J":[1011,271]},"markers":[{"img":"client/route_select.png","pos":[335,276],"size":[30,30]},{"img":"abyss/533.png","pos":[460,408],"size":[40,40]},{"img":"abyss/597.png","pos":[979,178],"size":[50,50]}]},"World 6-4":{"letters":{"A":[254,225],"B":[275,404],"C":[392,495],"D":[450,319],"E":[485,184],"F":[547,520],"G":[616,281],"H":[713,540],"I":[784,237],"J":[786,407],"K":[916,515],"L":[909,288],"M":[989,400],"N":[641,406]},"markers":[{"img":"abyss/572.png","pos":[919,381],"size":[40,40]},{"img":"abyss/586.png","pos":[811,370],"size":[40,40]},{"img":"abyss/672.png","pos":[598,312],"size":[50,50]}]},"World 6-5":{"letters":{"A":[361,262],"B":[462,467],"C":[496,341],"D":[609,258],"E":[634,422],"F":[648,500],"G":[781,267],"H":[803,401],"I":[826,529],"J":[908,395],"K":[838,155],"L":[1030,407],"M":[991,246]},"markers":[{"img":"abyss/534.png","pos":[469,420],"size":[40,40]},{"img":"abyss/572.png","pos":[638,354],"size":[40,40]},{"img":"abyss/586.png","pos":[1006,174],"size":[50,50]}]},"World 7-1":{"letters":{"A":[170,307],"B":[310,454],"C":[352,204],"D":[468,352],"E":[576,244],"F":[662,369],"G":[732,249],"H":[890,330],"I":[973,504],"J":[1081,398],"K":[1058,253]},"markers":[{"img":"client/maelstrom.png","pos":[162,279],"size":[27,27]},{"img":"client/fuel.png","pos":[576,180],"size":[27,27]},{"img":"client/fuel.png","pos":[984,459],"size":[27,27]},{"img":"abyss/571.png","pos":[499,317],"size":[40,40]},{"img":"abyss/533.png","pos":[677,330],"size":[40,40]},{"img":"abyss/571.png","pos":[889,255],"size":[40,40]},{"img":"abyss/572.png","pos":[1076,196],"size":[50,50]}]},"World 7-2":{"letters":{"A":[284,464],"B":[480,524],"C":[562,462],"D":[692,529],"E":[685,383],"F":[785,313],"G":[609,246],"H":[864,517],"I":[913,386],"J":[984,226],"K":[973,138],"L":[1039,307],"M":[1037,488]},"markers":[{"img":"client/maelstrom.png","pos":[266,439],"size":[27,27]},{"img":"abyss/532.png","pos":[545,390],"size":[40,40]},{"img":"abyss/532.png","pos":[661,311],"size":[40,40]},{"img":"abyss/572.png","pos":[616,193],"size":[50,50]},{"img":"abyss/618.png","pos":[1054,433],"size":[50,50]}]},"World 7-3":{"letters":{"A":[905,483],"B":[826,485],"C":[761,454],"D":[740,360],"E":[681,404],"F":[605,354],"G":[587,279],"H":[526,210],"I":[505,433],"J":[477,318],"K":[396,183],"L":[361,421],"M":[281,359],"N":[212,435],"O":[158,296],"P":[236,220]},"markers":[{"img":"client/maelstrom.png","pos":[339,402],"size":[27,27]},{"img":"client/maelstrom.png","pos":[384,157],"size":[27,27]},{"img":"client/fuel.png","pos":[481,164],"size":[27,27]},{"img":"client/bauxite.png","pos":[126,242],"size":[27,27]},{"img":"abyss/535.png","pos":[399,285],"size":[40,40]},{"img":"abyss/595.png","pos":[182,158],"size":[50,50]}]},"World 7-4":{"letters":{"A":[181,221],"B":[297,223],"C":[303,308],"D":[411,412],"E":[505,277],"F":[543,379],"G":[672,251],"H":[687,526],"I":[721,171],"J":[705,338],"K":[815,434],"L":[856,207],"M":[914,477],"N":[1016,508],"O":[1021,440],"P":[952,353]},"markers":[{"img":"client/fuel.png","pos":[1010,360],"size":[27,27]},{"img":"client/bauxite.png","pos":[1037,372],"size":[27,27]},{"img":"abyss/534.png","pos":[300,174],"size":[40,40]},{"img":"abyss/534.png","pos":[330,275],"size":[40,40]},{"img":"abyss/572.png","pos":[632,190],"size":[40,40]},{"img":"abyss/737.png","pos":[795,366],"size":[40,40]},{"img":"abyss/1060.png","pos":[952,285],"size":[50,50]}]},"World 7-5":{"letters":{"A":[989,285],"B":[942,371],"C":[888,455],"D":[737,374],"E":[649,276],"F":[564,279],"G":[496,382],"H":[563,415],"I":[664,472],"J":[477,231],"K":[656,387],"L":[780,426],"M":[837,533],"N":[368,202],"O":[463,301],"P":[353,269],"Q":[448,398],"R":[268,312],"S":[222,170],"T":[182,268]},"markers":[{"img":"abyss/534.png","pos":[355,130],"size":[40,40]},{"img":"abyss/534.png","pos":[890,307],"size":[40,40]},{"img":"abyss/905.png","pos":[790,535],"size":[40,40]},{"img":"abyss/998.png","pos":[578,320],"size":[50,50]},{"img":"abyss/666.png","pos":[365,400],"size":[50,50]},{"img":"abyss/899.png","pos":[105,208],"size":[50,50]}]}}