{"101":{"unlock":[102]},"102":{"unlock":[103]},"103":{"unlock":[104,105]},"104":{"unlock":[115,116]},"105":{"unlock":[106,108,254,401]},"106":{"unlock":[215]},"107":{"unlock":[217]},"108":{"unlock":[111]},"109":{"unlock":[110,704]},"110":{"unlock":[118]},"111":{"unlock":[112]},"112":{"unlock":[153,896]},"113":{"unlock":[114,119]},"114":{"unlock":[185,625]},"115":{"unlock":[215]},"116":{"unlock":[120,146,174]},"117":{"unlock":[217]},"118":{"unlock":[611]},"119":{"unlock":[121,219]},"120":{"unlock":[128,222,274]},"121":{"unlock":[122,124,125,127,129,223]},"122":{"unlock":[123,126,224]},"123":{"unlock":[143,148,161,225]},"124":{"unlock":[227]},"125":{"unlock":[131,231]},"126":{"unlock":[232]},"127":{"unlock":[139,405]},"128":{"unlock":[138,233]},"129":{"unlock":[130]},"130":{"unlock":[410]},"131":{"unlock":[133,239]},"132":{"unlock":[144,149,240]},"133":{"unlock":[136,188,244]},"134":{"unlock":[245]},"135":{"unlock":[246]},"136":{"unlock":[152,248]},"137":{"unlock":[140,147,249,418]},"138":{"unlock":[250]},"139":{"unlock":[414]},"140":{},"141":{"unlock":[251]},"142":{},"143":{"unlock":[253]},"144":{"unlock":[258]},"145":{"unlock":[259]},"146":{"unlock":[261,618]},"147":{"unlock":[262]},"148":{"unlock":[266]},"149":{"unlock":[267,268]},"150":{"unlock":[269]},"151":{"unlock":[270]},"152":{"unlock":[162,307]},"153":{"unlock":[275]},"154":{"unlock":[276]},"155":{"unlock":[277]},"156":{"unlock":[278]},"157":{"unlock":[279]},"158":{"unlock":[281]},"161":{"unlock":[287]},"162":{"unlock":[288]},"163":{"unlock":[289]},"164":{"unlock":[293,625,627]},"165":{"unlock":[166,182]},"166":{"unlock":[294,630]},"167":{"unlock":[633]},"168":{"unlock":[295]},"169":{"unlock":[296]},"170":{"unlock":[297]},"171":{"unlock":[807]},"172":{"unlock":[808]},"173":{"unlock":[814]},"174":{"unlock":[817]},"175":{"unlock":[870]},"176":{},"177":{"unlock":[339,826]},"178":{"unlock":[835]},"179":{"unlock":[836]},"180":{"unlock":[856]},"181":{"unlock":[718,858]},"182":{"unlock":[859,924]},"183":{"unlock":[189,860]},"184":{"unlock":[196,863]},"185":{"unlock":[669,864]},"186":{"unlock":[871]},"187":{},"188":{"unlock":[875]},"189":{"unlock":[877]},"190":{"unlock":[319]},"191":{"unlock":[195]},"192":{"unlock":[881]},"193":{"unlock":[323]},"194":{"unlock":[887]},"195":{"unlock":[328,891]},"196":{"unlock":[197,892]},"197":{"unlock":[346,930]},"201":{"unlock":[216,211,212,330,337,892],"tracking":[[0,1]]},"202":{},"203":{"unlock":[501,502]},"204":{"unlock":[201,689]},"205":{"unlock":[206]},"206":{"unlock":[207,234,255,290]},"207":{"unlock":[208,416]},"208":{"unlock":[209]},"209":{},"210":{"unlock":[327,931],"tracking":[[0,10]]},"211":{"tracking":[[0,3]]},"212":{"tracking":[[0,5]]},"213":{"tracking":[[0,20]]},"214":{"unlock":[221,893],"tracking":[[0,36],[0,24],[0,12],[0,6]]},"215":{"unlock":[117]},"216":{"unlock":[172,210,218,214,213,311,426,634,678,810,938],"tracking":[[0,1]]},"217":{"unlock":[861]},"218":{"unlock":[226,220,917],"tracking":[[0,3]]},"219":{},"220":{"unlock":[228,854],"tracking":[[0,20]]},"221":{"unlock":[261,257,264],"tracking":[[0,50]]},"222":{},"223":{"unlock":[890,927]},"224":{"unlock":[147,155,182]},"225":{"unlock":[689]},"226":{"unlock":[230],"tracking":[[0,5]]},"227":{"unlock":[152,154]},"228":{"unlock":[229,241,613,645,857],"tracking":[[0,15]]},"229":{"unlock":[242],"tracking":[[0,12]]},"230":{"unlock":[881],"tracking":[[0,6]]},"231":{},"232":{},"233":{"unlock":[263]},"234":{"unlock":[238],"hash":-1063490626},"235":{"unlock":[236,237,919,929]},"236":{"unlock":[958]},"237":{"unlock":[928]},"238":{"hash":-934197686},"239":{"unlock":[132,264,298,412,812]},"240":{"unlock":[265]},"241":{"tracking":[[0,5]]},"242":{"unlock":[243],"tracking":[[0,1]]},"243":{"unlock":[809],"tracking":[[0,2]]},"244":{},"245":{"unlock":[135]},"246":{"unlock":[142]},"247":{},"248":{"unlock":[137,252]},"249":{"unlock":[265]},"250":{"unlock":[141,614,615]},"251":{},"252":{},"253":{"unlock":[616]},"254":{},"255":{"unlock":[256,876]},"256":{"tracking":[[0,3]]},"257":{},"258":{"unlock":[145]},"259":{},"260":{"unlock":[285,976]},"261":{"tracking":[[0,3]]},"262":{},"263":{"unlock":[189]},"264":{"unlock":[266,626,822]},"265":{"unlock":[628],"tracking":[[0,10]]},"266":{},"267":{"unlock":[150]},"268":{},"269":{"unlock":[271]},"270":{},"271":{"unlock":[151]},"272":{"unlock":[417]},"273":{"unlock":[236,888]},"274":{"unlock":[153,277,298]},"275":{"unlock":[194]},"276":{"unlock":[904]},"277":{},"278":{"unlock":[309]},"279":{},"280":{"unlock":[284],"tracking":[[0,1],[0,1],[0,1],[0,1]]},"281":{"unlock":[282]},"282":{},"283":{"unlock":[620]},"284":{"unlock":[845],"tracking":[[0,1],[0,1],[0,1],[0,1]]},"285":{"unlock":[924]},"286":{},"287":{"unlock":[169,290,622,623,420]},"288":{},"289":{"unlock":[168]},"290":{"unlock":[292]},"291":{"unlock":[947]},"292":{"unlock":[916]},"293":{"unlock":[165,629]},"294":{"unlock":[631,645]},"295":{"unlock":[169]},"296":{"unlock":[170,641]},"297":{},"298":{},"299":{"unlock":[893]},"301":{},"302":{"tracking":[[0,20]]},"303":{"unlock":[299,302,304,313,314,315,331,436,689,832,890,905,911],"tracking":[[0,3]]},"304":{"tracking":[[0,5]]},"306":{"unlock":[134]},"307":{"unlock":[273]},"308":{"unlock":[419]},"309":{"unlock":[157,358]},"311":{"unlock":[280],"tracking":[[0,7]]},"312":{"unlock":[330,636]},"313":{"unlock":[644]},"314":{"unlock":[441]},"315":{},"316":{},"317":{"unlock":[352]},"318":{"tracking":[[0,3]]},"319":{},"320":{"unlock":[353,880]},"322":{},"323":{"unlock":[346,347,884]},"324":{"unlock":[683,885,886]},"325":{},"326":{},"327":{},"328":{},"329":{"unlock":[841],"hash":1300008024},"330":{"unlock":[343],"tracking":[[0,4]]},"331":{"unlock":[695]},"332":{},"333":{"unlock":[283,334]},"334":{},"335":{"unlock":[336]},"336":{"unlock":[621]},"337":{"unlock":[339],"tracking":[[0,3]]},"338":{},"339":{"tracking":[[0,3]]},"340":{"unlock":[435,707,907],"hash":353674656},"341":{"hash":-1236661875},"342":{"tracking":[[0,4]]},"343":{"unlock":[345,357,698]},"344":{},"345":{"tracking":[[0,4]]},"346":{"tracking":[[0,4]]},"347":{},"348":{"unlock":[349],"tracking":[[0,4]]},"349":{"hash":-1036353451},"350":{"tracking":[[0,3]]},"351":{},"352":{},"353":{"tracking":[[0,5]]},"354":{"tracking":[[0,4]]},"355":{"tracking":[[0,4]]},"356":{"unlock":[975],"tracking":[[0,3]]},"357":{"unlock":[977],"tracking":[[0,3]]},"358":{"unlock":[983]},"359":{"unlock":[986,1119],"hash":-1228067964},"360":{},"361":{"hash":-1249807866},"401":{},"402":{"unlock":[403,424],"tracking":[[0,3]]},"403":{"tracking":[[0,10]]},"404":{"tracking":[[0,30]]},"405":{"unlock":[406]},"406":{"unlock":[408]},"408":{"unlock":[409]},"409":{},"410":{"unlock":[411,420,643],"tracking":[[0,1]]},"411":{"tracking":[[0,6]]},"412":{"unlock":[247,413]},"413":{"unlock":[431]},"414":{"unlock":[415]},"415":{"unlock":[442]},"416":{"unlock":[272]},"417":{},"418":{"unlock":[308,316]},"419":{"unlock":[424,982]},"420":{"unlock":[624]},"422":{},"423":{"unlock":[913]},"424":{"unlock":[425,663],"tracking":[[0,4]]},"425":{"unlock":[663,933]},"426":{"unlock":[428],"tracking":[[0,1],[0,1],[0,1],[0,1]]},"427":{"unlock":[428]},"428":{"tracking":[[0,2],[0,2],[0,2]]},"429":{"unlock":[187,871]},"430":{"unlock":[431]},"431":{"unlock":[291]},"432":{"unlock":[433,444]},"433":{"unlock":[440,445]},"434":{"tracking":[[0,1],[0,1],[0,1],[0,1],[0,1]]},"435":{"unlock":[708],"hash":361609757},"436":{"tracking":[[0,1],[0,1],[0,1],[0,1],[0,1]]},"437":{"tracking":[[0,1],[0,1],[0,1],[0,1]]},"438":{"tracking":[[0,1],[0,1],[0,1],[0,1]]},"439":{"unlock":[440],"tracking":[[0,1],[0,1],[0,1],[0,1]]},"440":{"tracking":[[0,1],[0,1],[0,1],[0,1],[0,1]]},"441":{"hash":723297322},"442":{"unlock":[443],"tracking":[[0,1],[0,1],[0,1],[0,1]]},"443":{},"444":{"tracking":[[0,1],[0,1],[0,1],[0,1],[0,1]]},"445":{},"446":{"unlock":[952]},"447":{"unlock":[1108]},"501":{},"502":{},"503":{"unlock":[504],"tracking":[[0,5]]},"504":{"tracking":[[0,15]]},"601":{},"602":{},"603":{},"604":{},"605":{"unlock":[606,679,680,693,901,903],"tracking":[[0,1]]},"606":{"unlock":[607,896],"tracking":[[0,1]]},"607":{"unlock":[608,653,673],"tracking":[[0,3]]},"608":{"unlock":[609,617,619,669],"tracking":[[0,3]]},"609":{"tracking":[[0,2]]},"610":{},"611":{"unlock":[306]},"612":{},"613":{"tracking":[[0,24]]},"614":{},"615":{},"616":{},"617":{},"618":{"unlock":[619]},"619":{"unlock":[637,638,654,689],"tracking":[[0,1]]},"620":{},"621":{"unlock":[833]},"622":{},"623":{},"624":{"unlock":[629]},"625":{"unlock":[167,632]},"626":{"unlock":[627,630,632],"tracking":[[0,2],[0,1]]},"627":{"unlock":[628,629]},"628":{"tracking":[[0,2]]},"629":{"unlock":[631]},"630":{"unlock":[632]},"631":{},"632":{"unlock":[167]},"633":{},"634":{"unlock":[811]},"635":{"unlock":[312]},"636":{"unlock":[815]},"637":{},"638":{"unlock":[671],"tracking":[[0,6]]},"639":{},"640":{},"641":{"unlock":[642,690]},"642":{"unlock":[643,681]},"643":{"unlock":[644],"tracking":[[0,2]]},"644":{},"645":{},"646":{},"647":{},"648":{"unlock":[655]},"649":{},"650":{},"651":{},"652":{},"653":{"tracking":[[0,6]]},"654":{"tracking":[[0,1],[0,2]]},"655":{"tracking":[[0,5],[0,5],[0,5],[0,5],[0,5]]},"656":{},"657":{"tracking":[[0,6],[0,5],[0,4]]},"658":{"unlock":[1103]},"659":{"unlock":[660,1106]},"660":{},"661":{"unlock":[662,664]},"662":{"unlock":[425]},"663":{"tracking":[[0,10]]},"664":{"unlock":[665]},"665":{"unlock":[667]},"666":{},"667":{},"668":{},"669":{"unlock":[670,671]},"670":{},"671":{},"672":{},"673":{"unlock":[188,317,674,689,876],"tracking":[[0,4]]},"674":{"unlock":[657,675,676,677,688,803],"tracking":[[0,3]]},"675":{"tracking":[[0,6],[0,4]]},"676":{"tracking":[[0,3],[0,3],[0,1]],"unlock":[318,804]},"677":{"tracking":[[0,4],[0,2],[0,3]]},"678":{"tracking":[[0,3],[0,5]]},"679":{"unlock":[680]},"680":{"unlock":[191,685,686,880],"tracking":[[0,4],[0,4]]},"681":{"tracking":[[0,4],[0,4]]},"682":{"unlock":[322,430,685,693]},"683":{},"684":{},"685":{"unlock":[686,687]},"686":{"tracking":[[0,4],[0,1]]},"687":{},"688":{"tracking":[[0,3],[0,3],[0,3],[0,3]]},"689":{"unlock":[690]},"690":{},"691":{},"692":{},"693":{"unlock":[694,695]},"694":{"unlock":[897]},"695":{},"696":{},"697":{"hash":2046493671},"698":{},"701":{},"702":{"unlock":[689,703,714],"tracking":[[0,2]]},"703":{"tracking":[[0,15]]},"704":{},"705":{},"707":{"hash":1674109486},"708":{"hash":-225729411},"709":{"hash":1027682199},"710":{"unlock":[711,712],"hash":-1310448526},"711":{"unlock":[713],"hash":-1310441961},"712":{"hash":-1310435820},"713":{"hash":-1310441379},"714":{"unlock":[715],"tracking":[[0,2]]},"715":{"unlock":[944],"tracking":[[0,2]]},"716":{"unlock":[717],"tracking":[[0,2]]},"717":{"tracking":[[0,2]]},"718":{"unlock":[719]},"719":{},"801":{"unlock":[803],"hash":1796193154},"802":{"unlock":[803],"hash":926655506},"803":{"unlock":[804],"hash":-2058485116},"804":{"hash":-19737620},"805":{"unlock":[806]},"806":{"unlock":[813]},"807":{},"808":{},"809":{},"810":{"unlock":[426,811]},"811":{"unlock":[812]},"812":{"unlock":[813,911,936]},"813":{},"814":{"unlock":[815]},"815":{},"816":{},"817":{"unlock":[818]},"818":{},"819":{},"820":{},"821":{"unlock":[186]},"822":{"tracking":[[0,2]]},"823":{"unlock":[940]},"824":{},"825":{"unlock":[642]},"826":{"unlock":[827]},"827":{"unlock":[837]},"828":{"unlock":[656,833]},"829":{},"830":{},"831":{"hash":2048583092},"832":{"hash":-1612992899},"833":{},"834":{},"835":{"unlock":[179]},"836":{"unlock":[837]},"837":{"unlock":[970]},"838":{},"839":{"unlock":[870]},"840":{"unlock":[841],"hash":-1662156347},"841":{"unlock":[441,843],"hash":1610826645},"842":{"unlock":[833]},"843":{"hash":-111553163},"844":{"unlock":[969]},"845":{"tracking":[[0,1],[0,1],[0,1],[0,1],[0,1]]},"846":{"unlock":[656,658,848,850,854,862]},"847":{},"848":{},"849":{"unlock":[850]},"850":{},"851":{"unlock":[181,852]},"852":{},"853":{},"854":{"unlock":[872],"tracking":[[0,1],[0,1],[0,1],[0,1]]},"855":{"unlock":[856,857]},"856":{"unlock":[158]},"857":{},"858":{},"859":{"unlock":[666]},"860":{"unlock":[877,940]},"861":{"unlock":[862],"tracking":[[0,2]]},"862":{"tracking":[[0,2]]},"863":{},"864":{"unlock":[670,865]},"865":{},"866":{"unlock":[867],"hash":-979639284},"867":{"unlock":[868],"hash":-903176690},"868":{"unlock":[1110],"hash":-2012715276},"869":{"unlock":[427,982]},"870":{"unlock":[186,429,891]},"871":{},"872":{"tracking":[[0,1],[0,1],[0,1],[0,1]]},"873":{"unlock":[874,875],"tracking":[[0,1],[0,1],[0,1]]},"874":{"unlock":[692]},"875":{"unlock":[325],"tracking":[[0,2]]},"876":{},"877":{},"878":{"unlock":[966]},"879":{},"880":{"unlock":[889,934]},"881":{},"882":{"unlock":[883],"hash":-581999876},"883":{"unlock":[910],"hash":-1745307461},"884":{"unlock":[355,961]},"885":{},"886":{"unlock":[684]},"887":{},"888":{"tracking":[[0,1],[0,1],[0,1]]},"889":{"unlock":[931]},"890":{},"891":{"unlock":[934]},"892":{"unlock":[197]},"893":{"tracking":[[0,3],[0,3],[0,3],[0,3]]},"894":{"unlock":[895],"tracking":[[0,1],[0,1],[0,1],[0,1],[0,1]]},"895":{},"896":{"unlock":[897,966]},"897":{"unlock":[696]},"898":{},"901":{"unlock":[902]},"902":{"unlock":[903]},"903":{"tracking":[[0,1],[0,1],[0,1],[0,1]]},"904":{"unlock":[356,974],"tracking":[[0,1],[0,1],[0,1],[0,1]]},"905":{"unlock":[914],"tracking":[[0,1],[0,1],[0,1],[0,1],[0,1]]},"906":{"unlock":[907],"hash":1743143137},"907":{"unlock":[908],"hash":-558999076},"908":{"hash":568347694},"909":{"hash":-2052429074},"910":{"hash":-1052875248},"911":{},"912":{"tracking":[[0,1],[0,1],[0,1],[0,1],[0,1]]},"913":{},"914":{"tracking":[[0,1],[0,1],[0,1],[0,1]]},"915":{"hash":-1381733347},"916":{},"917":{"unlock":[918]},"918":{},"919":{"unlock":[920,923]},"920":{"unlock":[921]},"921":{"unlock":[922]},"922":{},"923":{"unlock":[949]},"924":{"unlock":[925]},"925":{"unlock":[926,948]},"926":{"unlock":[698]},"927":{"unlock":[928,930]},"928":{"tracking":[[0,2],[0,2],[0,2]]},"929":{},"930":{},"931":{},"932":{"hash":-1999075280},"933":{"unlock":[935,949]},"934":{"unlock":[935]},"935":{},"936":{},"937":{},"938":{"unlock":[939]},"939":{},"940":{},"941":{},"942":{"hash":-1254105866},"943":{},"944":{"tracking":[[0,2],[0,2],[0,2]],"unlock":[945,946]},"945":{"tracking":[[0,2],[0,2],[0,2]]},"946":{"tracking":[[0,1],[0,1],[0,1]],"unlock":[947]},"947":{"tracking":[[0,1],[0,1],[0,1],[0,1]],"unlock":[948]},"948":{"tracking":[[0,2],[0,2],[0,2],[0,2]]},"949":{},"950":{"unlock":[951],"hash":1654036373},"951":{"unlock":[954],"hash":1241219635},"952":{"unlock":[954,991]},"953":{"unlock":[954],"hash":94486942},"954":{"hash":2074761164},"955":{"unlock":[956],"hash":-316983679},"956":{"hash":1797333829},"957":{"unlock":[958]},"958":{"unlock":[1108]},"959":{"unlock":[960],"hash":-1326497502},"960":{"hash":1565979746},"961":{"unlock":[980]},"962":{"unlock":[963,964],"hash":333074288},"963":{"unlock":[965],"hash":-983681648},"964":{"unlock":[965],"hash":1381539886},"965":{"hash":155966612},"966":{"unlock":[967]},"967":{"unlock":[968,989]},"968":{},"969":{},"970":{},"971":{"unlock":[972],"hash":-38636397},"972":{"hash":-363082738},"973":{"tracking":[[0,1],[0,1],[0,1],[0,1]]},"974":{"unlock":[356]},"975":{"tracking":[[0,1],[0,1],[0,1],[0,1]]},"976":{"unlock":[977]},"977":{"unlock":[978]},"978":{},"979":{"hash":-1328284272},"980":{"unlock":[981]},"981":{},"982":{"unlock":[1118]},"983":{},"984":{"unlock":[359,985],"hash":1217146660},"985":{"unlock":[987],"hash":-962761678},"986":{"unlock":[987],"hash":-547832630},"987":{"hash":-2084370726},"988":{"hash":21243418},"989":{},"990":{"unlock":[1122],"hash":-78932396},"991":{"unlock":[1125],"hash":-1823355641},"1101":{"unlock":[1102,1103]},"1102":{"unlock":[1116,1118]},"1103":{"tracking":[[0,3]],"unlock":[1104]},"1104":{"tracking":[[0,3]]},"1105":{"unlock":[445],"tracking":[[0,3]]},"1106":{"unlock":[1117]},"1107":{"tracking":[[0,2],[0,2]]},"1108":{},"1109":{},"1110":{"hash":-1650754470},"1111":{},"1112":{"unlock":[1114]},"1113":{},"1114":{"unlock":[1115]},"1115":{"unlock":[976,1116,1124]},"1116":{"unlock":[981,1117]},"1117":{},"1118":{"unlock":[983]},"1119":{"hash":-1617433437},"1120":{"tracking":[[0,4],[0,4],[0,4]]},"1121":{"unlock":[1122],"hash":-92236394},"1122":{"hash":480618028},"1123":{"tracking":[[0,2]]},"1124":{"unlock":[991],"hash":459637634},"1125":{"hash":1854491251}}