{"5001":{"api_id":5001,"api_name":"バレンタイン神風","api_yomi":"かみかぜ","api_stype":2,"api_soku":10,"api_slot_num":2},"5002":{"api_id":5002,"api_name":"バレンタイン球磨","api_yomi":"くま","api_stype":3,"api_soku":10,"api_slot_num":2},"5003":{"api_id":5003,"api_name":"バレンタイン潮","api_yomi":"うしお","api_stype":2,"api_soku":10,"api_slot_num":2},"5004":{"api_id":5004,"api_name":"節分如月","api_yomi":"きさらぎ","api_stype":2,"api_soku":10,"api_slot_num":2},"5005":{"api_id":5005,"api_name":"節分佐渡","api_yomi":"さど","api_stype":1,"api_soku":5,"api_slot_num":2},"5006":{"api_id":5006,"api_name":"節分朝霜","api_yomi":"あさしも","api_stype":2,"api_soku":10,"api_slot_num":2},"5007":{"api_id":5007,"api_name":"正月大和","api_yomi":"やまと","api_stype":9,"api_soku":5,"api_slot_num":4},"5008":{"api_id":5008,"api_name":"正月対馬","api_yomi":"つしま","api_stype":1,"api_soku":5,"api_slot_num":2},"5009":{"api_id":5009,"api_name":"正月Richelieu","api_yomi":"リシュリュー","api_stype":8,"api_soku":10,"api_slot_num":4},"5010":{"api_id":5010,"api_name":"正月Warspite","api_yomi":"ウォースパイト","api_stype":9,"api_soku":5,"api_slot_num":4},"5011":{"api_id":5011,"api_name":"打ち上げ秋雲","api_yomi":"あきぐも","api_stype":2,"api_soku":10,"api_slot_num":2},"5012":{"api_id":5012,"api_name":"売り子風雲","api_yomi":"かざぐも","api_stype":2,"api_soku":10,"api_slot_num":2},"5013":{"api_id":5013,"api_name":"超修羅場秋雲","api_yomi":"あきぐも","api_stype":2,"api_soku":10,"api_slot_num":2},"5014":{"api_id":5014,"api_name":"大掃除対馬","api_yomi":"つしま","api_stype":1,"api_soku":5,"api_slot_num":2},"5015":{"api_id":5015,"api_name":"Xmas伊8","api_yomi":"い8","api_stype":13,"api_soku":5,"api_slot_num":1},"5016":{"api_id":5016,"api_name":"Xmas霰","api_yomi":"あられ","api_stype":2,"api_soku":10,"api_slot_num":2},"5017":{"api_id":5017,"api_name":"Xmas衣笠","api_yomi":"きぬがさ","api_stype":5,"api_soku":10,"api_slot_num":3},"5018":{"api_id":5018,"api_name":"Xmas衣笠改二","api_yomi":"きぬがさ","api_stype":5,"api_soku":10,"api_slot_num":4},"5019":{"api_id":5019,"api_name":"Xmas佐渡","api_yomi":"さど","api_stype":1,"api_soku":5,"api_slot_num":2},"5020":{"api_id":5020,"api_name":"Xmas神威","api_yomi":"かもい","api_stype":22,"api_soku":5,"api_slot_num":3},"5021":{"api_id":5021,"api_name":"Xmas長月","api_yomi":"ながつき","api_stype":2,"api_soku":10,"api_slot_num":2},"5022":{"api_id":5022,"api_name":"Xmas翔鶴","api_yomi":"しょうかく","api_stype":11,"api_soku":10,"api_slot_num":4},"5023":{"api_id":5023,"api_name":"クリスマスLibeccio","api_yomi":"リベッチオ","api_stype":2,"api_soku":10,"api_slot_num":2},"5024":{"api_id":5024,"api_name":"Xmas狭霧","api_yomi":"さぎり","api_stype":2,"api_soku":10,"api_slot_num":2},"5025":{"api_id":5025,"api_name":"修羅場秋雲","api_yomi":"あきぐも","api_stype":2,"api_soku":10,"api_slot_num":2},"5026":{"api_id":5026,"api_name":"秋冬制服山雲","api_yomi":"やまぐも","api_stype":2,"api_soku":10,"api_slot_num":2},"5027":{"api_id":5027,"api_name":"秋冬制服朝雲","api_yomi":"あさぐも","api_stype":2,"api_soku":10,"api_slot_num":2},"5028":{"api_id":5028,"api_name":"秋の私服不知火","api_yomi":"しらぬい","api_stype":2,"api_soku":10,"api_slot_num":2},"5029":{"api_id":5029,"api_name":"海峡突入満潮改二","api_yomi":"みちしお","api_stype":2,"api_soku":10,"api_slot_num":3},"5030":{"api_id":5030,"api_name":"海峡突入時雨改二","api_yomi":"しぐれ","api_stype":2,"api_soku":10,"api_slot_num":3},"5031":{"api_id":5031,"api_name":"海峡突入最上","api_yomi":"もがみ","api_stype":5,"api_soku":10,"api_slot_num":3},"5032":{"api_id":5032,"api_name":"海峡突入山雲","api_yomi":"やまぐも","api_stype":2,"api_soku":10,"api_slot_num":2},"5033":{"api_id":5033,"api_name":"海峡突入朝雲","api_yomi":"あさぐも","api_stype":2,"api_soku":10,"api_slot_num":2},"5034":{"api_id":5034,"api_name":"晩秋の私服狭霧","api_yomi":"さぎり","api_stype":2,"api_soku":10,"api_slot_num":2},"5035":{"api_id":5035,"api_name":"ハロウィン瑞穂","api_yomi":"みずほ","api_stype":16,"api_soku":5,"api_slot_num":2},"5036":{"api_id":5036,"api_name":"秋の私服蒼龍","api_yomi":"そうりゅう","api_stype":11,"api_soku":10,"api_slot_num":4},"5037":{"api_id":5037,"api_name":"秋の私服川内","api_yomi":"せんだい","api_stype":3,"api_soku":10,"api_slot_num":2},"5038":{"api_id":5038,"api_name":"秋の私服秋雲","api_yomi":"あきぐも","api_stype":2,"api_soku":10,"api_slot_num":2},"5039":{"api_id":5039,"api_name":"秋の私服藤波","api_yomi":"ふじなみ","api_stype":2,"api_soku":10,"api_slot_num":2},"5040":{"api_id":5040,"api_name":"秋の私服天霧","api_yomi":"あまぎり","api_stype":2,"api_soku":10,"api_slot_num":2},"5041":{"api_id":5041,"api_name":"買い物鹿島","api_yomi":"かしま","api_stype":21,"api_soku":10,"api_slot_num":3},"5042":{"api_id":5042,"api_name":"秋の私服白露","api_yomi":"しらつゆ","api_stype":2,"api_soku":10,"api_slot_num":2},"5043":{"api_id":5043,"api_name":"秋の私服Richelieu","api_yomi":"リシュリュー","api_stype":8,"api_soku":10,"api_slot_num":4},"5044":{"api_id":5044,"api_name":"秋の私服狭霧","api_yomi":"さぎり","api_stype":2,"api_soku":10,"api_slot_num":2},"5045":{"api_id":5045,"api_name":"秋刀魚狭霧","api_yomi":"さぎり","api_stype":2,"api_soku":10,"api_slot_num":2},"5046":{"api_id":5046,"api_name":"浴衣綾波","api_yomi":"あやなみ","api_stype":2,"api_soku":10,"api_slot_num":2},"5047":{"api_id":5047,"api_name":"浴衣敷波","api_yomi":"しきなみ","api_stype":2,"api_soku":10,"api_slot_num":2},"5048":{"api_id":5048,"api_name":"浴衣藤波","api_yomi":"ふじなみ","api_stype":2,"api_soku":10,"api_slot_num":2},"5049":{"api_id":5049,"api_name":"浴衣古鷹","api_yomi":"ふるたか","api_stype":5,"api_soku":10,"api_slot_num":3},"5050":{"api_id":5050,"api_name":"浴衣由良改二","api_yomi":"ゆら","api_stype":3,"api_soku":10,"api_slot_num":3},"5051":{"api_id":5051,"api_name":"浴衣神威","api_yomi":"かもい","api_stype":22,"api_soku":5,"api_slot_num":3},"5052":{"api_id":5052,"api_name":"浴衣神威改","api_yomi":"かもい","api_stype":16,"api_soku":5,"api_slot_num":3},"5053":{"api_id":5053,"api_name":"浴衣神威改母","api_yomi":"かもい","api_stype":22,"api_soku":5,"api_slot_num":3},"5054":{"api_id":5054,"api_name":"浴衣択捉","api_yomi":"えとろふ","api_stype":1,"api_soku":5,"api_slot_num":2},"5055":{"api_id":5055,"api_name":"浴衣松輪","api_yomi":"まつわ","api_stype":1,"api_soku":5,"api_slot_num":2},"5056":{"api_id":5056,"api_name":"浴衣Libeccio","api_yomi":"リベッチオ","api_stype":2,"api_soku":10,"api_slot_num":2},"5057":{"api_id":5057,"api_name":"秋の味覚Верный","api_yomi":"ひびき","api_stype":2,"api_soku":10,"api_slot_num":3},"5058":{"api_id":5058,"api_name":"秋刀魚卯月","api_yomi":"うづき","api_stype":2,"api_soku":10,"api_slot_num":2},"5059":{"api_id":5059,"api_name":"浴衣朝霜","api_yomi":"あさしも","api_stype":2,"api_ctype":38,"api_soku":10,"api_slot_num":2},"5060":{"api_id":5060,"api_name":"炒飯長波","api_yomi":"ながなみ","api_stype":2,"api_ctype":38,"api_soku":10,"api_slot_num":2},"5061":{"api_id":5061,"api_name":"夏Z1","api_yomi":"レーベレヒト・マース","api_stype":2,"api_ctype":48,"api_soku":10,"api_slot_num":3},"5062":{"api_id":5062,"api_name":"夏海風","api_yomi":"うみかぜ","api_stype":2,"api_ctype":23,"api_soku":10,"api_slot_num":2},"5063":{"api_id":5063,"api_name":"夏Commandant Teste","api_yomi":"コマンダン・テスト","api_stype":16,"api_ctype":70,"api_soku":5,"api_slot_num":3},"5064":{"api_id":5064,"api_name":"夏最上","api_yomi":"もがみ","api_stype":5,"api_ctype":9,"api_soku":10,"api_slot_num":3},"5065":{"api_id":5065,"api_name":"夏2017三隈","api_yomi":"みくま","api_stype":5,"api_ctype":9,"api_soku":10,"api_slot_num":3},"5066":{"api_id":5066,"api_name":"夏伊401","api_yomi":"い401","api_stype":14,"api_ctype":44,"api_soku":5,"api_slot_num":1},"5067":{"api_id":5067,"api_name":"夏U-511","api_yomi":"ゆー511・ろ500","api_stype":13,"api_ctype":57,"api_soku":5,"api_slot_num":1},"5068":{"api_id":5068,"api_name":"夏呂500","api_yomi":"ゆー511・ろ500","api_stype":13,"api_ctype":57,"api_soku":5,"api_slot_num":2},"5069":{"api_id":5069,"api_name":"瑞雲伊勢改","api_yomi":"いせ","api_stype":10,"api_ctype":2,"api_soku":5,"api_slot_num":4},"5070":{"api_id":5070,"api_name":"瑞雲日向改","api_yomi":"ひゅうが","api_stype":10,"api_ctype":2,"api_soku":5,"api_slot_num":4},"5071":{"api_id":5071,"api_name":"瑞雲大淀改","api_yomi":"おおよど","api_stype":3,"api_ctype":52,"api_soku":10,"api_slot_num":3},"5072":{"api_id":5072,"api_name":"瑞雲明石","api_yomi":"あかし","api_stype":19,"api_soku":5,"api_slot_num":3},"5073":{"api_id":5073,"api_name":"瑞雲明石改","api_yomi":"あかし","api_stype":19,"api_soku":5,"api_slot_num":4},"5074":{"api_id":5074,"api_name":"瑞雲速吸","api_yomi":"はやすい","api_stype":22,"api_soku":5,"api_slot_num":2},"5075":{"api_id":5075,"api_name":"瑞雲扶桑","api_yomi":"ふそう","api_stype":9,"api_soku":5,"api_slot_num":4},"5076":{"api_id":5076,"api_name":"瑞雲山城","api_yomi":"やましろ","api_stype":9,"api_soku":5,"api_slot_num":4},"5077":{"api_id":5077,"api_name":"梅雨漣","api_yomi":"さざなみ","api_stype":2,"api_soku":10,"api_slot_num":2},"5078":{"api_id":5078,"api_name":"梅雨扶桑","api_yomi":"ふそう","api_stype":9,"api_soku":5,"api_slot_num":4},"5079":{"api_id":5079,"api_name":"梅雨神威","api_yomi":"かもい","api_stype":22,"api_soku":5,"api_slot_num":3},"5080":{"api_id":5080,"api_name":"梅雨神威改","api_yomi":"かもい","api_stype":16,"api_soku":5,"api_slot_num":3},"5081":{"api_id":5081,"api_name":"梅雨神威改母","api_yomi":"かもい","api_stype":22,"api_soku":5,"api_slot_num":3},"5082":{"api_id":5082,"api_name":"買い物榛名","api_yomi":"はるな","api_stype":8,"api_soku":10,"api_slot_num":4},"5083":{"api_id":5083,"api_name":"桃節句潮","api_yomi":"うしお","api_stype":2,"api_soku":10,"api_slot_num":2},"5084":{"api_id":5084,"api_name":"桃節句潮改二","api_yomi":"うしお","api_stype":2,"api_soku":10,"api_slot_num":3},"5085":{"api_id":5085,"api_name":"桃節句瑞穂","api_yomi":"みずほ","api_stype":16,"api_soku":5,"api_slot_num":2},"5086":{"api_id":5086,"api_name":"桃節句Commandant Teste","api_yomi":"コマンダン・テスト","api_stype":16,"api_soku":5,"api_slot_num":3},"5087":{"api_id":5087,"api_name":"桃節句山風","api_yomi":"やまかぜ","api_stype":2,"api_soku":10,"api_slot_num":2},"5088":{"api_id":5088,"api_name":"Valentine水無月","api_yomi":"みなづき","api_stype":2,"api_soku":10,"api_slot_num":2},"5089":{"api_id":5089,"api_name":"Valentine朧","api_yomi":"おぼろ","api_stype":2,"api_soku":10,"api_slot_num":2},"5090":{"api_id":5090,"api_name":"Valentine高波","api_yomi":"たかなみ","api_stype":2,"api_soku":10,"api_slot_num":2},"5091":{"api_id":5091,"api_name":"バレンタインCommandant Teste","api_yomi":"コマンダン・テスト","api_stype":16,"api_soku":5,"api_slot_num":3},"5092":{"api_id":5092,"api_name":"節分明石","api_yomi":"あかし","api_stype":19,"api_soku":5,"api_slot_num":3},"5093":{"api_id":5093,"api_name":"節分明石改","api_yomi":"あかし","api_stype":19,"api_soku":5,"api_slot_num":4},"5094":{"api_id":5094,"api_name":"節分風雲","api_yomi":"かざぐも","api_stype":2,"api_soku":10,"api_slot_num":2},"5095":{"api_id":5095,"api_name":"節分浦波","api_yomi":"うらなみ","api_stype":2,"api_soku":10,"api_slot_num":2},"5096":{"api_id":5096,"api_name":"節分Commandant Teste","api_yomi":"コマンダン・テスト","api_stype":16,"api_soku":5,"api_slot_num":3},"5097":{"api_id":5097,"api_name":"正月Iowa","api_yomi":"アイオワ","api_stype":8,"api_soku":10,"api_slot_num":4},"5098":{"api_id":5098,"api_name":"正月鳳翔","api_yomi":"ほうしょう","api_stype":7,"api_soku":5,"api_slot_num":2},"5099":{"api_id":5099,"api_name":"正月山風","api_yomi":"やまかぜ","api_stype":2,"api_soku":10,"api_slot_num":2},"5100":{"api_id":5100,"api_name":"買い物Pola","api_yomi":"ポーラ","api_stype":5,"api_soku":10,"api_slot_num":3},"5101":{"api_id":5101,"api_name":"Xmas鈴谷","api_yomi":"すずや","api_stype":5,"api_soku":10,"api_slot_num":3},"5102":{"api_id":5102,"api_name":"Xmas熊野","api_yomi":"くまの","api_stype":5,"api_soku":10,"api_slot_num":3},"5103":{"api_id":5103,"api_name":"Xmas朝雲","api_yomi":"あさぐも","api_stype":2,"api_soku":10,"api_slot_num":2},"5104":{"api_id":5104,"api_name":"Xmas山雲","api_yomi":"やまぐも","api_stype":2,"api_soku":10,"api_slot_num":2},"5105":{"api_id":5105,"api_name":"Xmas瑞穂","api_yomi":"みずほ","api_stype":16,"api_soku":5,"api_slot_num":2},"5106":{"api_id":5106,"api_name":"Xmas筑摩改二","api_yomi":"ちくま","api_stype":6,"api_soku":10,"api_slot_num":4},"5107":{"api_id":5107,"api_name":"Xmas利根改二","api_yomi":"とね","api_stype":6,"api_soku":10,"api_slot_num":4},"5108":{"api_id":5108,"api_name":"Xmasまるゆ","api_yomi":"まるゆ","api_stype":13,"api_soku":5,"api_slot_num":0},"5109":{"api_id":5109,"api_name":"Xmas球磨","api_yomi":"くま","api_stype":3,"api_soku":10,"api_slot_num":2},"5110":{"api_id":5110,"api_name":"クリスマスCommandant Teste","api_yomi":"コマンダン・テスト","api_stype":16,"api_soku":5,"api_slot_num":3},"5111":{"api_id":5111,"api_name":"Xmas明石改","api_yomi":"あかし","api_stype":19,"api_soku":5,"api_slot_num":4},"5112":{"api_id":5112,"api_name":"Xmas明石","api_yomi":"あかし","api_stype":19,"api_soku":5,"api_slot_num":3},"5113":{"api_id":5113,"api_name":"Xmas漣改","api_yomi":"さざなみ","api_stype":2,"api_soku":10,"api_slot_num":3},"5114":{"api_id":5114,"api_name":"浴衣由良","api_yomi":"ゆら","api_stype":3,"api_soku":10,"api_slot_num":2},"5115":{"api_id":5115,"api_name":"浴衣白露","api_yomi":"しらつゆ","api_stype":2,"api_soku":10,"api_slot_num":2},"5116":{"api_id":5116,"api_name":"浴衣秋月","api_yomi":"あきづき","api_stype":2,"api_soku":10,"api_slot_num":3},"5117":{"api_id":5117,"api_name":"浴衣陸奥","api_yomi":"むつ","api_stype":9,"api_soku":5,"api_slot_num":4},"5118":{"api_id":5118,"api_name":"浴衣長波","api_yomi":"ながなみ","api_stype":2,"api_soku":10,"api_slot_num":2},"5119":{"api_id":5119,"api_name":"法被吹雪","api_yomi":"ふぶき","api_stype":2,"api_soku":10,"api_slot_num":2},"5120":{"api_id":5120,"api_name":"法被吹雪改二","api_yomi":"ふぶき","api_stype":2,"api_soku":10,"api_slot_num":3},"5121":{"api_id":5121,"api_name":"法被朝霜","api_yomi":"あさしも","api_stype":2,"api_soku":10,"api_slot_num":2},"5122":{"api_id":5122,"api_name":"法被夕雲","api_yomi":"ゆうぐも","api_stype":2,"api_soku":10,"api_slot_num":2},"5123":{"api_id":5123,"api_name":"法被扶桑","api_yomi":"ふそう","api_stype":9,"api_soku":5,"api_slot_num":4},"5124":{"api_id":5124,"api_name":"秋刀魚多摩","api_yomi":"たま","api_stype":3,"api_soku":10,"api_slot_num":2},"5125":{"api_id":5125,"api_name":"秋刀魚あきつ丸","api_yomi":"あきつまる","api_stype":17,"api_soku":5,"api_slot_num":2},"5126":{"api_id":5126,"api_name":"秋刀魚時雨改二","api_yomi":"しぐれ","api_stype":2,"api_soku":10,"api_slot_num":3},"5127":{"api_id":5127,"api_name":"秋刀魚大鯨","api_yomi":"たいげい・りゅうほう","api_stype":20,"api_soku":5,"api_slot_num":3},"5128":{"api_id":5128,"api_name":"秋刀魚龍鳳","api_yomi":"たいげい・りゅうほう","api_stype":7,"api_soku":5,"api_slot_num":3},"5129":{"api_id":5129,"api_name":"秋刀魚Zara","api_yomi":"ザラ","api_stype":5,"api_soku":10,"api_slot_num":3},"5130":{"api_id":5130,"api_name":"親子丼秋雲","api_yomi":"あきぐも","api_stype":2,"api_soku":10,"api_slot_num":2},"5131":{"api_id":5131,"api_name":"親子丼瑞穂","api_yomi":"みずほ","api_stype":16,"api_soku":5,"api_slot_num":2},"5132":{"api_id":5132,"api_name":"親子丼赤城","api_yomi":"あかぎ","api_stype":11,"api_soku":10,"api_slot_num":4},"5133":{"api_id":5133,"api_name":"親子丼秋津洲","api_yomi":"あきつしま","api_stype":16,"api_soku":5,"api_slot_num":2},"5134":{"api_id":5134,"api_name":"親子丼山城","api_yomi":"やましろ","api_stype":9,"api_soku":5,"api_slot_num":4},"5135":{"api_id":5135,"api_name":"親子丼夕立改二","api_yomi":"ゆうだち","api_stype":2,"api_soku":10,"api_slot_num":3},"5136":{"api_id":5136,"api_name":"買い出し金剛","api_yomi":"こんごう","api_stype":8,"api_soku":10,"api_slot_num":3},"5137":{"api_id":5137,"api_name":"買い出し金剛改二","api_yomi":"こんごう","api_stype":8,"api_soku":10,"api_slot_num":4},"5138":{"api_id":5138,"api_name":"買い出し天城","api_yomi":"あまぎ","api_stype":11,"api_soku":10,"api_slot_num":4},"5139":{"api_id":5139,"api_name":"親子丼Roma","api_yomi":"ローマ","api_stype":8,"api_soku":10,"api_slot_num":4},"5140":{"api_id":5140,"api_name":"親子丼曙","api_yomi":"あけぼの","api_stype":2,"api_soku":10,"api_slot_num":2},"5141":{"api_id":5141,"api_name":"夏2016曙","api_yomi":"あけぼの","api_stype":2,"api_soku":10,"api_slot_num":2},"5142":{"api_id":5142,"api_name":"夏2016朧","api_yomi":"おぼろ","api_stype":2,"api_soku":10,"api_slot_num":2},"5143":{"api_id":5143,"api_name":"夏2016朧改","api_yomi":"おぼろ","api_stype":2,"api_soku":10,"api_slot_num":3},"5144":{"api_id":5144,"api_name":"夏風雲","api_yomi":"かざぐも","api_stype":2,"api_soku":10,"api_slot_num":2},"5145":{"api_id":5145,"api_name":"夏沖波","api_yomi":"おきなみ","api_stype":2,"api_soku":10,"api_slot_num":2},"5146":{"api_id":5146,"api_name":"夏五十鈴","api_yomi":"いすず","api_stype":3,"api_soku":10,"api_slot_num":2},"5147":{"api_id":5147,"api_name":"夏扶桑","api_yomi":"ふそう","api_stype":9,"api_soku":5,"api_slot_num":4},"5148":{"api_id":5148,"api_name":"夏山城","api_yomi":"やましろ","api_stype":9,"api_soku":5,"api_slot_num":4},"5149":{"api_id":5149,"api_name":"夏瑞穂","api_yomi":"みずほ","api_stype":16,"api_soku":5,"api_slot_num":2},"5150":{"api_id":5150,"api_name":"夏大和","api_yomi":"やまと","api_stype":9,"api_soku":5,"api_slot_num":4},"5151":{"api_id":5151,"api_name":"夏榛名改二","api_yomi":"はるな","api_stype":8,"api_soku":10,"api_slot_num":4},"5152":{"api_id":5152,"api_name":"夏大鯨","api_yomi":"たいげい・りゅうほう","api_stype":20,"api_soku":5,"api_slot_num":3},"5153":{"api_id":5153,"api_name":"夏龍鳳","api_yomi":"たいげい・りゅうほう","api_stype":7,"api_soku":5,"api_slot_num":3},"5154":{"api_id":5154,"api_name":"夏三隈","api_yomi":"みくま","api_stype":5,"api_soku":10,"api_slot_num":3},"5155":{"api_id":5155,"api_name":"夏大淀","api_yomi":"おおよど","api_stype":3,"api_soku":10,"api_slot_num":3},"5156":{"api_id":5156,"api_name":"夏大淀改","api_yomi":"おおよど","api_stype":3,"api_soku":10,"api_slot_num":4},"5157":{"api_id":5157,"api_name":"夏Libeccio","api_yomi":"リベッチオ","api_stype":2,"api_soku":10,"api_slot_num":2},"5158":{"api_id":5158,"api_name":"夏Z3","api_yomi":"マックス・シュルツ","api_stype":2,"api_soku":10,"api_slot_num":3},"5159":{"api_id":5159,"api_name":"梅雨曙","api_yomi":"あけぼの","api_stype":2,"api_soku":10,"api_slot_num":2},"5160":{"api_id":5160,"api_name":"梅雨早霜","api_yomi":"はやしも","api_stype":2,"api_soku":10,"api_slot_num":2},"5161":{"api_id":5161,"api_name":"梅雨清霜","api_yomi":"きよしも","api_stype":2,"api_soku":10,"api_slot_num":2},"5162":{"api_id":5162,"api_name":"梅雨瑞穂","api_yomi":"みずほ","api_stype":16,"api_soku":5,"api_slot_num":2},"5163":{"api_id":5163,"api_name":"梅雨夕立改二","api_yomi":"ゆうだち","api_stype":2,"api_soku":10,"api_slot_num":3},"5164":{"api_id":5164,"api_name":"梅雨最上","api_yomi":"もがみ","api_stype":5,"api_soku":10,"api_slot_num":3},"5165":{"api_id":5165,"api_name":"梅雨夕張","api_yomi":"ゆうばり","api_stype":3,"api_soku":10,"api_slot_num":3},"5166":{"api_id":5166,"api_name":"梅雨千歳","api_yomi":"ちとせ","api_stype":16,"api_soku":10,"api_slot_num":2},"5167":{"api_id":5167,"api_name":"梅雨千代田","api_yomi":"ちよだ","api_stype":16,"api_soku":10,"api_slot_num":2},"5168":{"api_id":5168,"api_name":"携帯白露","api_yomi":"しらつゆ","api_stype":2,"api_soku":10,"api_slot_num":3},"5169":{"api_id":5169,"api_name":"記念日夕雲","api_yomi":"ゆうぐも","api_stype":2,"api_soku":10,"api_slot_num":2},"5170":{"api_id":5170,"api_name":"記念日長波","api_yomi":"ながなみ","api_stype":2,"api_soku":10,"api_slot_num":2},"5171":{"api_id":5171,"api_name":"記念日春雨改","api_yomi":"はるさめ","api_stype":2,"api_soku":10,"api_slot_num":2},"5172":{"api_id":5172,"api_name":"記念日瑞穂","api_yomi":"みずほ","api_stype":16,"api_soku":5,"api_slot_num":2},"5173":{"api_id":5173,"api_name":"クリスマス那珂","api_yomi":"なか","api_stype":3,"api_soku":10,"api_slot_num":3},"5174":{"api_id":5174,"api_name":"クリスマス那珂改二","api_yomi":"なか","api_stype":3,"api_soku":10,"api_slot_num":3},"5175":{"api_id":5175,"api_name":"クリスマス時雨改二","api_yomi":"しぐれ","api_stype":2,"api_soku":10,"api_slot_num":3},"5176":{"api_id":5176,"api_name":"クリスマス龍驤","api_yomi":"りゅうじょう","api_stype":7,"api_soku":10,"api_slot_num":3},"5177":{"api_id":5177,"api_name":"クリスマス龍驤改二","api_yomi":"りゅうじょう","api_stype":7,"api_soku":10,"api_slot_num":4},"5178":{"api_id":5178,"api_name":"クリスマス漣","api_yomi":"さざなみ","api_stype":2,"api_soku":10,"api_slot_num":2},"5179":{"api_id":5179,"api_name":"大掃除曙","api_yomi":"あけぼの","api_stype":2,"api_soku":10,"api_slot_num":2},"5180":{"api_id":5180,"api_name":"正月夕立改二","api_yomi":"ゆうだち","api_stype":2,"api_soku":10,"api_slot_num":3},"5181":{"api_id":5181,"api_name":"正月明石","api_yomi":"あかし","api_stype":19,"api_soku":5,"api_slot_num":3},"5182":{"api_id":5182,"api_name":"正月明石改","api_yomi":"あかし","api_stype":19,"api_soku":5,"api_slot_num":3},"5183":{"api_id":5183,"api_name":"正月大淀","api_yomi":"おおよど","api_stype":3,"api_soku":10,"api_slot_num":3},"5184":{"api_id":5184,"api_name":"正月大淀改","api_yomi":"おおよど","api_stype":3,"api_soku":10,"api_slot_num":4},"5185":{"api_id":5185,"api_name":"バレンタイン睦月","api_yomi":"むつき","api_stype":2,"api_soku":10,"api_slot_num":2},"5186":{"api_id":5186,"api_name":"バレンタイン如月","api_yomi":"きさらぎ","api_stype":2,"api_soku":10,"api_slot_num":2},"5187":{"api_id":5187,"api_name":"バレンタイン叢雲","api_yomi":"むらくも","api_stype":2,"api_soku":10,"api_slot_num":2},"5188":{"api_id":5188,"api_name":"バレンタイン時雨改二","api_yomi":"しぐれ","api_stype":2,"api_soku":10,"api_slot_num":3},"5189":{"api_id":5189,"api_name":"バレンタイン浜風","api_yomi":"はまかぜ","api_stype":2,"api_soku":10,"api_slot_num":2},"5190":{"api_id":5190,"api_name":"梅雨祥鳳","api_yomi":"しょうほう","api_stype":7,"api_soku":10,"api_slot_num":3},"5191":{"api_id":5191,"api_name":"梅雨村雨改","api_yomi":"むらさめ","api_stype":2,"api_soku":10,"api_slot_num":3},"5192":{"api_id":5192,"api_name":"梅雨高波","api_yomi":"たかなみ","api_stype":2,"api_soku":10,"api_slot_num":2},"5193":{"api_id":5193,"api_name":"水着朧","api_yomi":"おぼろ","api_stype":2,"api_soku":10,"api_slot_num":2},"5194":{"api_id":5194,"api_name":"水着曙","api_yomi":"あけぼの","api_stype":2,"api_soku":10,"api_slot_num":2},"5195":{"api_id":5195,"api_name":"水着漣","api_yomi":"さざなみ","api_stype":2,"api_soku":10,"api_slot_num":2},"5196":{"api_id":5196,"api_name":"水着潮","api_yomi":"うしお","api_stype":2,"api_soku":10,"api_slot_num":2},"5197":{"api_id":5197,"api_name":"水着潮改二","api_yomi":"うしお","api_stype":2,"api_soku":10,"api_slot_num":3},"5198":{"api_id":5198,"api_name":"水着白露改","api_yomi":"しらつゆ","api_stype":2,"api_soku":10,"api_slot_num":3},"5199":{"api_id":5199,"api_name":"水着時雨改二","api_yomi":"しぐれ","api_stype":2,"api_soku":10,"api_slot_num":3},"5200":{"api_id":5200,"api_name":"水着夕立改二","api_yomi":"ゆうだち","api_stype":2,"api_soku":10,"api_slot_num":3},"5201":{"api_id":5201,"api_name":"水着村雨改","api_yomi":"むらさめ","api_stype":2,"api_soku":10,"api_slot_num":3},"5202":{"api_id":5202,"api_name":"水着天龍","api_yomi":"てんりゅう","api_stype":3,"api_soku":10,"api_slot_num":2},"5203":{"api_id":5203,"api_name":"水着龍田","api_yomi":"たつた","api_stype":3,"api_soku":10,"api_slot_num":2},"5204":{"api_id":5204,"api_name":"水着明石改","api_yomi":"あかし","api_stype":19,"api_soku":5,"api_slot_num":3},"5205":{"api_id":5205,"api_name":"水着Littorio","api_yomi":"リットリオ・イタリア","api_stype":8,"api_soku":10,"api_slot_num":4},"5206":{"api_id":5206,"api_name":"水着Italia","api_yomi":"リットリオ・イタリア","api_stype":8,"api_soku":10,"api_slot_num":4},"5207":{"api_id":5207,"api_name":"浴衣朧","api_yomi":"おぼろ","api_stype":2,"api_soku":10,"api_slot_num":2},"5208":{"api_id":5208,"api_name":"秋刀魚磯風","api_yomi":"いそかぜ","api_stype":2,"api_soku":10,"api_slot_num":2},"5209":{"api_id":5209,"api_name":"秋刀魚磯風改","api_yomi":"いそかぜ","api_stype":2,"api_soku":10,"api_slot_num":2},"5210":{"api_id":5210,"api_name":"浴衣浦風","api_yomi":"うらかぜ","api_stype":2,"api_soku":10,"api_slot_num":2},"5211":{"api_id":5211,"api_name":"浴衣浜風","api_yomi":"はまかぜ","api_stype":2,"api_soku":10,"api_slot_num":2},"5212":{"api_id":5212,"api_name":"浴衣江風","api_yomi":"かわかぜ","api_stype":2,"api_soku":10,"api_slot_num":2},"5213":{"api_id":5213,"api_name":"オクトーバーフェストZ1","api_yomi":"レーベレヒト・マース","api_stype":2,"api_soku":10,"api_slot_num":2},"5214":{"api_id":5214,"api_name":"秋刀魚雷","api_yomi":"いかずち","api_stype":2,"api_soku":10,"api_slot_num":2},"5215":{"api_id":5215,"api_name":"秋刀魚電","api_yomi":"いなづま","api_stype":2,"api_soku":10,"api_slot_num":2},"5216":{"api_id":5216,"api_name":"浴衣長良","api_yomi":"ながら","api_stype":3,"api_soku":10,"api_slot_num":2},"5217":{"api_id":5217,"api_name":"浴衣名取","api_yomi":"なとり","api_stype":3,"api_soku":10,"api_slot_num":2},"5218":{"api_id":5218,"api_name":"浴衣球磨","api_yomi":"くま","api_stype":3,"api_soku":10,"api_slot_num":2},"5219":{"api_id":5219,"api_name":"浴衣多摩","api_yomi":"たま","api_stype":3,"api_soku":10,"api_slot_num":2},"5220":{"api_id":5220,"api_name":"浴衣大淀改","api_yomi":"おおよど","api_stype":3,"api_soku":10,"api_slot_num":4},"5221":{"api_id":5221,"api_name":"浴衣神通改二","api_yomi":"じんつう","api_stype":3,"api_soku":10,"api_slot_num":3},"5222":{"api_id":5222,"api_name":"浴衣瑞穂","api_yomi":"みずほ","api_stype":16,"api_soku":5,"api_slot_num":2},"5223":{"api_id":5223,"api_name":"秋の味覚曙","api_yomi":"あけぼの","api_stype":2,"api_soku":10,"api_slot_num":2},"5224":{"api_id":5224,"api_name":"秋の味覚潮","api_yomi":"うしお","api_stype":2,"api_soku":10,"api_slot_num":2},"5225":{"api_id":5225,"api_name":"秋の味覚潮改二","api_yomi":"うしお","api_stype":2,"api_soku":10,"api_slot_num":3},"5226":{"api_id":5226,"api_name":"秋の味覚村雨","api_yomi":"むらさめ","api_stype":2,"api_soku":10,"api_slot_num":2},"5227":{"api_id":5227,"api_name":"秋の味覚千歳","api_yomi":"ちとせ","api_stype":16,"api_soku":10,"api_slot_num":2},"5228":{"api_id":5228,"api_name":"秋の味覚千代田","api_yomi":"ちよだ","api_stype":16,"api_soku":10,"api_slot_num":2},"5229":{"api_id":5229,"api_name":"秋の味覚春雨","api_yomi":"はるさめ","api_stype":2,"api_soku":10,"api_slot_num":2},"5230":{"api_id":5230,"api_name":"ハロウィンRoma","api_yomi":"ローマ","api_stype":8,"api_soku":10,"api_slot_num":4},"5231":{"api_id":5231,"api_name":"ハロウィンLibeccio","api_yomi":"リベッチオ","api_stype":2,"api_soku":10,"api_slot_num":2},"5232":{"api_id":5232,"api_name":"クリスマス大淀","api_yomi":"おおよど","api_stype":3,"api_soku":10,"api_slot_num":3},"5233":{"api_id":5233,"api_name":"クリスマス大淀改","api_yomi":"おおよど","api_stype":3,"api_soku":10,"api_slot_num":4},"5234":{"api_id":5234,"api_name":"クリスマス谷風","api_yomi":"たにかぜ","api_stype":2,"api_soku":10,"api_slot_num":2},"5235":{"api_id":5235,"api_name":"クリスマス初風","api_yomi":"はつかぜ","api_stype":2,"api_soku":10,"api_slot_num":2},"5236":{"api_id":5236,"api_name":"クリスマス江風","api_yomi":"かわかぜ","api_stype":2,"api_soku":10,"api_slot_num":2},"5237":{"api_id":5237,"api_name":"クリスマスLittorio","api_yomi":"リットリオ・イタリア","api_stype":8,"api_soku":10,"api_slot_num":4},"5238":{"api_id":5238,"api_name":"クリスマスItalia","api_yomi":"リットリオ・イタリア","api_stype":8,"api_soku":10,"api_slot_num":4},"5239":{"api_id":5239,"api_name":"クリスマス鹿島","api_yomi":"かしま","api_stype":21,"api_soku":10,"api_slot_num":3},"5240":{"api_id":5240,"api_name":"正月潮","api_yomi":"うしお","api_stype":2,"api_soku":10,"api_slot_num":2},"5241":{"api_id":5241,"api_name":"正月潮改二","api_yomi":"うしお","api_stype":2,"api_soku":10,"api_slot_num":3},"5242":{"api_id":5242,"api_name":"正月子日","api_yomi":"ねのひ","api_stype":2,"api_soku":10,"api_slot_num":2},"5243":{"api_id":5243,"api_name":"正月夕雲","api_yomi":"ゆうぐも","api_stype":2,"api_soku":10,"api_slot_num":2},"5244":{"api_id":5244,"api_name":"正月巻雲","api_yomi":"まきぐも","api_stype":2,"api_soku":10,"api_slot_num":2},"5245":{"api_id":5245,"api_name":"正月大鯨","api_yomi":"たいげい・りゅうほう","api_stype":20,"api_soku":5,"api_slot_num":3},"5246":{"api_id":5246,"api_name":"正月香取","api_yomi":"かとり","api_stype":21,"api_soku":10,"api_slot_num":3},"5247":{"api_id":5247,"api_name":"正月瑞穂","api_yomi":"みずほ","api_stype":16,"api_soku":5,"api_slot_num":2},"5248":{"api_id":5248,"api_name":"正月秋津洲","api_yomi":"あきつしま","api_stype":16,"api_soku":5,"api_slot_num":2},"5249":{"api_id":5249,"api_name":"正月扶桑","api_yomi":"ふそう","api_stype":9,"api_soku":5,"api_slot_num":4},"5250":{"api_id":5250,"api_name":"正月山城","api_yomi":"やましろ","api_stype":9,"api_soku":5,"api_slot_num":4},"5251":{"api_id":5251,"api_name":"正月瑞鳳","api_yomi":"ずいほう","api_stype":7,"api_soku":10,"api_slot_num":3},"5252":{"api_id":5252,"api_name":"正月瑞鳳改","api_yomi":"ずいほう","api_stype":7,"api_soku":10,"api_slot_num":4},"5253":{"api_id":5253,"api_name":"正月天城","api_yomi":"あまぎ","api_stype":11,"api_soku":10,"api_slot_num":4},"5254":{"api_id":5254,"api_name":"正月伊401","api_yomi":"い401","api_stype":14,"api_soku":5,"api_slot_num":1},"5255":{"api_id":5255,"api_name":"節分清霜","api_yomi":"きよしも","api_stype":2,"api_soku":10,"api_slot_num":2},"5256":{"api_id":5256,"api_name":"節分瑞穂","api_yomi":"みずほ","api_stype":16,"api_soku":5,"api_slot_num":2},"5257":{"api_id":5257,"api_name":"バレンタイン曙","api_yomi":"あけぼの","api_stype":2,"api_soku":10,"api_slot_num":2},"5258":{"api_id":5258,"api_name":"バレンタイン衣笠改二","api_yomi":"きぬがさ","api_stype":5,"api_soku":10,"api_slot_num":4},"5259":{"api_id":5259,"api_name":"バレンタイン瑞穂","api_yomi":"みずほ","api_stype":16,"api_soku":5,"api_slot_num":2},"5260":{"api_id":5260,"api_name":"バレンタイン弥生","api_yomi":"やよい","api_stype":2,"api_soku":10,"api_slot_num":2},"5261":{"api_id":5261,"api_name":"バレンタイン卯月","api_yomi":"うづき","api_stype":2,"api_soku":10,"api_slot_num":2},"5262":{"api_id":5262,"api_name":"バレンタイン春雨","api_yomi":"はるさめ","api_stype":2,"api_soku":10,"api_slot_num":2},"5263":{"api_id":5263,"api_name":"バレンタイン鹿島","api_yomi":"かしま","api_stype":21,"api_soku":10,"api_slot_num":3},"5264":{"api_id":5264,"api_name":"バレンタイン叢雲改二","api_yomi":"むらくも","api_stype":2,"api_soku":10,"api_slot_num":3},"5265":{"api_id":5265,"api_name":"牛丼明石改","api_yomi":"あかし","api_stype":19,"api_soku":5,"api_slot_num":4},"5266":{"api_id":5266,"api_name":"牛丼大淀改","api_yomi":"おおよど","api_stype":3,"api_soku":10,"api_slot_num":4},"5267":{"api_id":5267,"api_name":"牛丼時雨改二","api_yomi":"しぐれ","api_stype":2,"api_soku":10,"api_slot_num":3},"5268":{"api_id":5268,"api_name":"牛丼龍驤改二","api_yomi":"りゅうじょう","api_stype":7,"api_soku":10,"api_slot_num":4},"5269":{"api_id":5269,"api_name":"牛丼瑞穂","api_yomi":"みずほ","api_stype":16,"api_soku":5,"api_slot_num":2},"5270":{"api_id":5270,"api_name":"観艦式磯波","api_yomi":"いそなみ","api_stype":2,"api_soku":10,"api_slot_num":2},"5271":{"api_id":5271,"api_name":"観艦式浦波","api_yomi":"うらなみ","api_stype":2,"api_soku":10,"api_slot_num":2},"5272":{"api_id":5272,"api_name":"決戦瑞鶴改二","api_yomi":"ずいかく","api_stype":11,"api_soku":10,"api_slot_num":4},"5273":{"api_id":5273,"api_name":"決戦瑞鶴改二甲","api_yomi":"ずいかく","api_stype":18,"api_soku":10,"api_slot_num":4},"5274":{"api_id":5274,"api_name":"決戦島風","api_yomi":"しまかぜ","api_stype":2,"api_soku":10,"api_slot_num":2},"5275":{"api_id":5275,"api_name":"決戦長波","api_yomi":"ながなみ","api_stype":2,"api_soku":10,"api_slot_num":2},"5276":{"api_id":5276,"api_name":"決戦大淀","api_yomi":"おおよど","api_stype":3,"api_soku":10,"api_slot_num":3},"5277":{"api_id":5277,"api_name":"決戦大淀改","api_yomi":"おおよど","api_stype":3,"api_soku":10,"api_slot_num":4},"5278":{"api_id":5278,"api_name":"決戦早霜","api_yomi":"はやしも","api_stype":2,"api_soku":10,"api_slot_num":2},"5279":{"api_id":5279,"api_name":"決戦清霜","api_yomi":"きよしも","api_stype":2,"api_soku":10,"api_slot_num":2},"5280":{"api_id":5280,"api_name":"決戦藤波","api_yomi":"ふじなみ","api_stype":2,"api_soku":10,"api_slot_num":2},"5281":{"api_id":5281,"api_name":"決戦沖波","api_yomi":"おきなみ","api_stype":2,"api_soku":10,"api_slot_num":2},"5282":{"api_id":5282,"api_name":"決戦長波改二","api_yomi":"ながなみ","api_stype":2,"api_soku":10,"api_slot_num":3},"5283":{"api_id":5283,"api_name":"決戦鬼怒改二","api_yomi":"きぬ","api_stype":3,"api_soku":10,"api_slot_num":3},"5284":{"api_id":5284,"api_name":"決戦熊野改二","api_yomi":"くまの","api_stype":6,"api_soku":10,"api_slot_num":4},"5285":{"api_id":5285,"api_name":"決戦熊野航改二","api_yomi":"くまの","api_stype":7,"api_soku":10,"api_slot_num":4},"5286":{"api_id":5286,"api_name":"決戦多摩改二","api_yomi":"たま","api_stype":3,"api_soku":10,"api_slot_num":3},"5287":{"api_id":5287,"api_name":"決戦阿武隈改二","api_yomi":"あぶくま","api_stype":3,"api_soku":10,"api_slot_num":3},"5288":{"api_id":5288,"api_name":"決戦金剛改二","api_yomi":"こんごう","api_stype":8,"api_soku":10,"api_slot_num":4},"5289":{"api_id":5289,"api_name":"決戦榛名改二","api_yomi":"はるな","api_stype":8,"api_soku":10,"api_slot_num":4},"5290":{"api_id":5290,"api_name":"決戦鈴谷改二","api_yomi":"すずや","api_stype":6,"api_soku":10,"api_slot_num":4},"5291":{"api_id":5291,"api_name":"決戦鈴谷航改二","api_yomi":"すずや","api_stype":7,"api_soku":10,"api_slot_num":4},"5292":{"api_id":5292,"api_name":"決戦長門改二","api_yomi":"ながと","api_stype":9,"api_soku":5,"api_slot_num":4},"5293":{"api_id":5293,"api_name":"決戦能代","api_yomi":"のしろ","api_stype":3,"api_soku":10,"api_slot_num":3},"5294":{"api_id":5294,"api_name":"決戦武蔵","api_yomi":"むさし","api_stype":9,"api_soku":5,"api_slot_num":4},"5295":{"api_id":5295,"api_name":"決戦武蔵改","api_yomi":"むさし","api_stype":9,"api_soku":5,"api_slot_num":4},"5296":{"api_id":5296,"api_name":"決戦野分","api_yomi":"のわき","api_stype":2,"api_soku":10,"api_slot_num":2},"5297":{"api_id":5297,"api_name":"決戦矢矧","api_yomi":"やはぎ","api_stype":3,"api_soku":10,"api_slot_num":3},"5298":{"api_id":5298,"api_name":"決戦雪風","api_yomi":"ゆきかぜ","api_stype":2,"api_soku":10,"api_slot_num":2},"5299":{"api_id":5299,"api_name":"決戦長門","api_yomi":"ながと","api_stype":9,"api_soku":5,"api_slot_num":4},"5300":{"api_id":5300,"api_name":"決戦多摩","api_yomi":"たま","api_stype":3,"api_soku":10,"api_slot_num":2},"5301":{"api_id":5301,"api_name":"決戦大和","api_yomi":"やまと","api_stype":9,"api_soku":5,"api_slot_num":4},"5302":{"api_id":5302,"api_name":"決戦大和改","api_yomi":"やまと","api_stype":9,"api_soku":5,"api_slot_num":4},"5303":{"api_id":5303,"api_name":"決戦不知火","api_yomi":"しらぬい","api_stype":2,"api_soku":10,"api_slot_num":2},"5304":{"api_id":5304,"api_name":"決戦浦波","api_yomi":"うらなみ","api_stype":2,"api_soku":10,"api_slot_num":2},"5305":{"api_id":5305,"api_name":"決戦伊勢改","api_yomi":"いせ","api_stype":10,"api_soku":5,"api_slot_num":4},"5306":{"api_id":5306,"api_name":"決戦日向改","api_yomi":"ひゅうが","api_stype":10,"api_soku":5,"api_slot_num":4},"5307":{"api_id":5307,"api_name":"お出掛け朧","api_yomi":"おぼろ","api_stype":2,"api_soku":10,"api_slot_num":2},"5308":{"api_id":5308,"api_name":"お出掛け弥生","api_yomi":"やよい","api_stype":2,"api_soku":10,"api_slot_num":2},"5309":{"api_id":5309,"api_name":"お出掛け村雨","api_yomi":"むらさめ","api_stype":2,"api_soku":10,"api_slot_num":2},"5310":{"api_id":5310,"api_name":"お出掛け村雨改二","api_yomi":"むらさめ","api_stype":2,"api_soku":10,"api_slot_num":3},"5311":{"api_id":5311,"api_name":"春の私服大和","api_yomi":"やまと","api_stype":9,"api_soku":5,"api_slot_num":4},"5312":{"api_id":5312,"api_name":"記念日Gambier Bay","api_yomi":"ガンビア・ベイ","api_stype":7,"api_soku":5,"api_slot_num":2},"5313":{"api_id":5313,"api_name":"記念日天霧","api_yomi":"あまぎり","api_stype":2,"api_soku":10,"api_slot_num":2},"5314":{"api_id":5314,"api_name":"記念日長波改二","api_yomi":"ながなみ","api_stype":2,"api_soku":10,"api_slot_num":3},"5315":{"api_id":5315,"api_name":"瑞雲佐渡","api_yomi":"さど","api_stype":1,"api_soku":5,"api_slot_num":2},"5316":{"api_id":5316,"api_name":"瑞雲対馬","api_yomi":"つしま","api_stype":1,"api_soku":5,"api_slot_num":2},"5317":{"api_id":5317,"api_name":"瑞雲Commandant Teste","api_yomi":"コマンダン・テスト","api_stype":16,"api_soku":5,"api_slot_num":3},"5318":{"api_id":5318,"api_name":"梅雨狭霧","api_yomi":"さぎり","api_stype":2,"api_soku":10,"api_slot_num":2},"5319":{"api_id":5319,"api_name":"梅雨択捉","api_yomi":"えとろふ","api_stype":1,"api_soku":5,"api_slot_num":2},"5320":{"api_id":5320,"api_name":"梅雨福江","api_yomi":"ふかえ","api_stype":1,"api_soku":5,"api_slot_num":2},"5321":{"api_id":5321,"api_name":"梅雨浜波","api_yomi":"はまなみ","api_stype":2,"api_soku":10,"api_slot_num":2},"5322":{"api_id":5322,"api_name":"梅雨藤波","api_yomi":"ふじなみ","api_stype":2,"api_soku":10,"api_slot_num":2},"5323":{"api_id":5323,"api_name":"かき氷Gambier Bay","api_yomi":"ガンビア・ベイ","api_stype":7,"api_soku":5,"api_slot_num":2},"5324":{"api_id":5324,"api_name":"かき氷択捉","api_yomi":"えとろふ","api_stype":1,"api_soku":5,"api_slot_num":2},"5325":{"api_id":5325,"api_name":"かき氷択捉改","api_yomi":"えとろふ","api_stype":1,"api_soku":5,"api_slot_num":3},"5326":{"api_id":5326,"api_name":"かき氷松輪","api_yomi":"まつわ","api_stype":1,"api_soku":5,"api_slot_num":2},"5327":{"api_id":5327,"api_name":"夏制服夕雲改二","api_yomi":"ゆうぐも","api_stype":2,"api_soku":10,"api_slot_num":3},"5328":{"api_id":5328,"api_name":"夏制服長波改二","api_yomi":"ながなみ","api_stype":2,"api_soku":10,"api_slot_num":3},"5329":{"api_id":5329,"api_name":"水着瑞穂","api_yomi":"みずほ","api_stype":16,"api_soku":5,"api_slot_num":2},"5330":{"api_id":5330,"api_name":"水着巻雲","api_yomi":"まきぐも","api_stype":2,"api_soku":10,"api_slot_num":2},"5331":{"api_id":5331,"api_name":"水着高波","api_yomi":"たかなみ","api_stype":2,"api_soku":10,"api_slot_num":2},"5332":{"api_id":5332,"api_name":"水着霞改二","api_yomi":"かすみ","api_stype":2,"api_soku":10,"api_slot_num":3},"5333":{"api_id":5333,"api_name":"水着霞改二乙","api_yomi":"かすみ","api_stype":2,"api_soku":10,"api_slot_num":3},"5334":{"api_id":5334,"api_name":"水着山風","api_yomi":"やまかぜ","api_stype":2,"api_soku":10,"api_slot_num":2},"5335":{"api_id":5335,"api_name":"水着涼月","api_yomi":"すずつき","api_stype":2,"api_soku":10,"api_slot_num":3},"5336":{"api_id":5336,"api_name":"水着涼月改","api_yomi":"すずつき","api_stype":2,"api_soku":10,"api_slot_num":3},"5337":{"api_id":5337,"api_name":"秋刀魚択捉","api_yomi":"えとろふ","api_stype":1,"api_soku":5,"api_slot_num":2},"5338":{"api_id":5338,"api_name":"秋刀魚福江","api_yomi":"ふかえ","api_stype":1,"api_soku":5,"api_slot_num":2},"5339":{"api_id":5339,"api_name":"秋刀魚朝霜","api_yomi":"あさしも","api_stype":2,"api_soku":10,"api_slot_num":2},"5340":{"api_id":5340,"api_name":"秋刀魚岸波","api_yomi":"きしなみ","api_stype":2,"api_soku":10,"api_slot_num":2},"5341":{"api_id":5341,"api_name":"秋刀魚沖波","api_yomi":"おきなみ","api_stype":2,"api_soku":10,"api_slot_num":2},"5342":{"api_id":5342,"api_name":"秋刀魚Commandant Teste","api_yomi":"コマンダン・テスト","api_stype":16,"api_soku":5,"api_slot_num":3},"5343":{"api_id":5343,"api_name":"秋刀魚Gambier Bay","api_yomi":"ガンビア・ベイ","api_stype":7,"api_soku":5,"api_slot_num":2},"5344":{"api_id":5344,"api_name":"秋刀魚Gotland","api_yomi":"ゴトランド","api_stype":3,"api_soku":10,"api_slot_num":3},"5345":{"api_id":5345,"api_name":"秋刀魚満潮","api_yomi":"みちしお","api_stype":2,"api_soku":10,"api_slot_num":2},"5346":{"api_id":5346,"api_name":"秋刀魚祥鳳","api_yomi":"しょうほう","api_stype":7,"api_soku":10,"api_slot_num":3},"5347":{"api_id":5347,"api_name":"秋刀魚大潮","api_yomi":"おおしお","api_stype":2,"api_soku":10,"api_slot_num":2},"5348":{"api_id":5348,"api_name":"秋刀魚大潮改二","api_yomi":"おおしお","api_stype":2,"api_soku":10,"api_slot_num":3},"5349":{"api_id":5349,"api_name":"秋刀魚初月","api_yomi":"はつづき","api_stype":2,"api_soku":10,"api_slot_num":3},"5350":{"api_id":5350,"api_name":"秋刀魚曙","api_yomi":"あけぼの","api_stype":2,"api_soku":10,"api_slot_num":2},"5351":{"api_id":5351,"api_name":"秋刀魚潮","api_yomi":"うしお","api_stype":2,"api_soku":10,"api_slot_num":2},"5352":{"api_id":5352,"api_name":"秋刀魚朧","api_yomi":"おぼろ","api_stype":2,"api_soku":10,"api_slot_num":2},"5353":{"api_id":5353,"api_name":"秋刀魚漣","api_yomi":"さざなみ","api_stype":2,"api_soku":10,"api_slot_num":2},"5354":{"api_id":5354,"api_name":"ハロウィン朝潮","api_yomi":"あさしお","api_stype":2,"api_soku":10,"api_slot_num":2},"5355":{"api_id":5355,"api_name":"ハロウィン朝潮改二","api_yomi":"あさしお","api_stype":2,"api_soku":10,"api_slot_num":3},"5356":{"api_id":5356,"api_name":"ハロウィン朝潮改二丁","api_yomi":"あさしお","api_stype":2,"api_soku":10,"api_slot_num":3},"5357":{"api_id":5357,"api_name":"秋の味覚瑞穂","api_yomi":"みずほ","api_stype":16,"api_soku":5,"api_slot_num":2},"5358":{"api_id":5358,"api_name":"【保留】","api_yomi":"n/a","api_stype":2,"api_soku":10,"api_slot_num":2},"5359":{"api_id":5359,"api_name":"秋の味覚白露","api_yomi":"しらつゆ","api_stype":2,"api_soku":10,"api_slot_num":2},"5360":{"api_id":5360,"api_name":"秋の私服不知火改二","api_yomi":"しらぬい","api_stype":2,"api_soku":10,"api_slot_num":3},"5361":{"api_id":5361,"api_name":"晩秋の私服対馬","api_yomi":"つしま","api_stype":1,"api_soku":5,"api_slot_num":2},"5362":{"api_id":5362,"api_name":"シュークリームRichelieu","api_yomi":"リシュリュー","api_stype":8,"api_soku":10,"api_slot_num":4},"5363":{"api_id":5363,"api_name":"Xmas岸波","api_yomi":"きしなみ","api_stype":2,"api_soku":10,"api_slot_num":2},"5364":{"api_id":5364,"api_name":"Xmas浜波","api_yomi":"はまなみ","api_stype":2,"api_soku":10,"api_slot_num":2},"5365":{"api_id":5365,"api_name":"Xmas松輪","api_yomi":"まつわ","api_stype":1,"api_soku":5,"api_slot_num":2},"5366":{"api_id":5366,"api_name":"クリスマスGotland","api_yomi":"ゴトランド","api_stype":3,"api_soku":10,"api_slot_num":3},"5367":{"api_id":5367,"api_name":"Xmas瑞鶴","api_yomi":"ずいかく","api_stype":11,"api_soku":10,"api_slot_num":4},"5368":{"api_id":5368,"api_name":"クリスマスMaestrale","api_yomi":"マエストラーレ","api_stype":2,"api_soku":10,"api_slot_num":2},"5369":{"api_id":5369,"api_name":"Xmas福江","api_yomi":"ふかえ","api_stype":1,"api_soku":5,"api_slot_num":2},"5370":{"api_id":5370,"api_name":"Xmas酒匂","api_yomi":"さかわ","api_stype":3,"api_soku":10,"api_slot_num":3},"5371":{"api_id":5371,"api_name":"超スーパー修羅場秋雲","api_yomi":"あきぐも","api_stype":2,"api_soku":10,"api_slot_num":2},"5372":{"api_id":5372,"api_name":"麦酒乾杯秋雲","api_yomi":"あきぐも","api_stype":2,"api_soku":10,"api_slot_num":2},"5373":{"api_id":5373,"api_name":"正月荒潮","api_yomi":"あらしお","api_stype":2,"api_soku":10,"api_slot_num":2},"5374":{"api_id":5374,"api_name":"正月加賀","api_yomi":"かが","api_stype":11,"api_soku":10,"api_slot_num":4},"5375":{"api_id":5375,"api_name":"節分天霧","api_yomi":"あまぎり","api_stype":2,"api_soku":10,"api_slot_num":2},"5376":{"api_id":5376,"api_name":"節分狭霧","api_yomi":"さぎり","api_stype":2,"api_soku":10,"api_slot_num":2},"5377":{"api_id":5377,"api_name":"節分択捉","api_yomi":"えとろふ","api_stype":1,"api_soku":5,"api_slot_num":2},"5378":{"api_id":5378,"api_name":"節分峯雲","api_yomi":"みねぐも","api_stype":2,"api_soku":10,"api_slot_num":2},"5379":{"api_id":5379,"api_name":"節分阿賀野","api_yomi":"あがの","api_stype":3,"api_soku":10,"api_slot_num":3},"5380":{"api_id":5380,"api_name":"バレンタイン狭霧","api_yomi":"さぎり","api_stype":2,"api_soku":10,"api_slot_num":2},"5381":{"api_id":5381,"api_name":"バレンタインRichelieu","api_yomi":"リシュリュー","api_stype":8,"api_soku":10,"api_slot_num":4},"5382":{"api_id":5382,"api_name":"バレンタイン舞風","api_yomi":"まいかぜ","api_stype":2,"api_soku":10,"api_slot_num":2},"5383":{"api_id":5383,"api_name":"バレンタイン古鷹","api_yomi":"ふるたか","api_stype":5,"api_soku":10,"api_slot_num":3},"5384":{"api_id":5384,"api_name":"バレンタインLittorio","api_yomi":"リットリオ・イタリア","api_stype":8,"api_soku":10,"api_slot_num":4},"5385":{"api_id":5385,"api_name":"バレンタインItalia","api_yomi":"リットリオ・イタリア","api_stype":8,"api_soku":10,"api_slot_num":4},"5386":{"api_id":5386,"api_name":"海鮮おにぎり瑞穂","api_yomi":"みずほ","api_stype":16,"api_soku":5,"api_slot_num":2},"5387":{"api_id":5387,"api_name":"もぐもぐ早波","api_yomi":"はやなみ","api_stype":2,"api_soku":10,"api_slot_num":2},"5388":{"api_id":5388,"api_name":"桃節句対馬","api_yomi":"つしま","api_stype":1,"api_soku":5,"api_slot_num":2},"5389":{"api_id":5389,"api_name":"桃節句福江","api_yomi":"ふかえ","api_stype":1,"api_soku":5,"api_slot_num":2},"5390":{"api_id":5390,"api_name":"桃節句狭霧","api_yomi":"さぎり","api_stype":2,"api_soku":10,"api_slot_num":2},"5391":{"api_id":5391,"api_name":"お出掛け夕雲","api_yomi":"ゆうぐも","api_stype":2,"api_soku":10,"api_slot_num":2},"5392":{"api_id":5392,"api_name":"お出掛け三隈","api_yomi":"みくま","api_stype":5,"api_soku":10,"api_slot_num":3},"5393":{"api_id":5393,"api_name":"お出掛け吹雪","api_yomi":"ふぶき","api_stype":2,"api_soku":10,"api_slot_num":2},"5394":{"api_id":5394,"api_name":"買い物海風","api_yomi":"うみかぜ","api_stype":2,"api_soku":10,"api_slot_num":2},"5395":{"api_id":5395,"api_name":"記念日夕雲改二","api_yomi":"ゆうぐも","api_stype":2,"api_soku":10,"api_slot_num":2},"5396":{"api_id":5396,"api_name":"桜松輪","api_yomi":"まつわ","api_stype":1,"api_soku":5,"api_slot_num":2},"5397":{"api_id":5397,"api_name":"瑞雲択捉","api_yomi":"えとろふ","api_stype":1,"api_soku":5,"api_slot_num":2},"5398":{"api_id":5398,"api_name":"梅雨天霧","api_yomi":"あまぎり","api_stype":2,"api_soku":10,"api_slot_num":2},"5399":{"api_id":5399,"api_name":"梅雨早波","api_yomi":"はやなみ","api_stype":2,"api_soku":10,"api_slot_num":2},"5400":{"api_id":5400,"api_name":"梅雨佐渡","api_yomi":"さど","api_stype":1,"api_soku":5,"api_slot_num":2},"5401":{"api_id":5401,"api_name":"梅雨Gambier Bay","api_yomi":"ガンビア・ベイ","api_stype":7,"api_soku":5,"api_slot_num":2},"5402":{"api_id":5402,"api_name":"梅雨大井","api_yomi":"おおい","api_stype":3,"api_soku":10,"api_slot_num":2},"5403":{"api_id":5403,"api_name":"水着村雨改二","api_yomi":"むらさめ","api_stype":2,"api_soku":10,"api_slot_num":3},"5404":{"api_id":5404,"api_name":"水着雪風","api_yomi":"ゆきかぜ","api_stype":2,"api_soku":10,"api_slot_num":2},"5405":{"api_id":5405,"api_name":"水着Samuel B.Roberts","api_yomi":"サミュエル・B・ロバーツ","api_stype":2,"api_soku":10,"api_slot_num":2},"5406":{"api_id":5406,"api_name":"水着Samuel B.Roberts改","api_yomi":"サミュエル・B・ロバーツ","api_stype":2,"api_soku":10,"api_slot_num":3},"5407":{"api_id":5407,"api_name":"水着Johnston","api_yomi":"ジョンストン","api_stype":2,"api_soku":10,"api_slot_num":2},"5408":{"api_id":5408,"api_name":"水着Johnston改","api_yomi":"ジョンストン","api_stype":2,"api_soku":10,"api_slot_num":3},"5409":{"api_id":5409,"api_name":"夏のお嬢さん雪風改","api_yomi":"ゆきかぜ","api_stype":2,"api_soku":10,"api_slot_num":3},"5410":{"api_id":5410,"api_name":"法被対馬","api_yomi":"つしま","api_stype":1,"api_soku":5,"api_slot_num":2},"5411":{"api_id":5411,"api_name":"ハロウィン夕立","api_yomi":"ゆうだち","api_stype":2,"api_soku":10,"api_slot_num":2},"5412":{"api_id":5412,"api_name":"ハロウィン夕立改二","api_yomi":"ゆうだち","api_stype":2,"api_soku":10,"api_slot_num":3},"5413":{"api_id":5413,"api_name":"ハロウィンGrecale","api_yomi":"グレカーレ","api_stype":2,"api_soku":10,"api_slot_num":2},"5414":{"api_id":5414,"api_name":"Xmas択捉","api_yomi":"えとろふ","api_stype":1,"api_soku":5,"api_slot_num":2},"5415":{"api_id":5415,"api_name":"クリスマスDe Ruyter","api_yomi":"デ・ロイテル","api_stype":3,"api_soku":10,"api_slot_num":3},"5416":{"api_id":5416,"api_name":"Xmas深雪","api_yomi":"みゆき","api_stype":2,"api_soku":10,"api_slot_num":2},"5417":{"api_id":5417,"api_name":"Xmas親潮","api_yomi":"おやしお","api_stype":2,"api_soku":10,"api_slot_num":2},"5418":{"api_id":5418,"api_name":"正月風雲","api_yomi":"かざぐも","api_stype":2,"api_soku":10,"api_slot_num":2},"5419":{"api_id":5419,"api_name":"正月赤城","api_yomi":"あかぎ","api_stype":11,"api_soku":10,"api_slot_num":4},"5420":{"api_id":5420,"api_name":"正月Samuel B.Roberts","api_yomi":"サミュエル・B・ロバーツ","api_stype":2,"api_soku":10,"api_slot_num":2},"5421":{"api_id":5421,"api_name":"正月Samuel B.Roberts改","api_yomi":"サミュエル・B・ロバーツ","api_stype":2,"api_soku":10,"api_slot_num":3},"5422":{"api_id":5422,"api_name":"正月比叡改二","api_yomi":"ひえい","api_stype":8,"api_soku":10,"api_slot_num":4},"5423":{"api_id":5423,"api_name":"節分De Ruyter","api_yomi":"デ・ロイテル","api_stype":3,"api_soku":10,"api_slot_num":3},"5424":{"api_id":5424,"api_name":"節分松輪","api_yomi":"まつわ","api_stype":1,"api_soku":5,"api_slot_num":2},"5425":{"api_id":5425,"api_name":"バレンタイン早波","api_yomi":"はやなみ","api_stype":2,"api_soku":10,"api_slot_num":2},"5426":{"api_id":5426,"api_name":"バレンタイン福江","api_yomi":"ふかえ","api_stype":1,"api_soku":5,"api_slot_num":2},"5427":{"api_id":5427,"api_name":"バレンタイン秋霜","api_yomi":"あきしも","api_stype":2,"api_soku":10,"api_slot_num":2},"5428":{"api_id":5428,"api_name":"バレンタイン早霜","api_yomi":"はやしも","api_stype":2,"api_soku":10,"api_slot_num":2},"5429":{"api_id":5429,"api_name":"バレンタインGrecale","api_yomi":"グレカーレ","api_stype":2,"api_soku":10,"api_slot_num":2},"5430":{"api_id":5430,"api_name":"桃節句Gotland","api_yomi":"ゴトランド","api_stype":3,"api_soku":10,"api_slot_num":3},"5431":{"api_id":5431,"api_name":"桃節句峯雲","api_yomi":"みねぐも","api_stype":2,"api_soku":10,"api_slot_num":2},"5432":{"api_id":5432,"api_name":"桃節句Richelieu","api_yomi":"リシュリュー","api_stype":8,"api_soku":10,"api_slot_num":4},"5433":{"api_id":5433,"api_name":"買い物平戸","api_yomi":"ひらと","api_stype":1,"api_soku":5,"api_slot_num":2},"5434":{"api_id":5434,"api_name":"買い物御蔵","api_yomi":"みくら","api_stype":1,"api_soku":5,"api_slot_num":2},"5435":{"api_id":5435,"api_name":"お出掛け明石改","api_yomi":"あかし","api_stype":19,"api_soku":5,"api_slot_num":4},"5436":{"api_id":5436,"api_name":"記念日朧改","api_yomi":"おぼろ","api_stype":2,"api_soku":10,"api_slot_num":3},"5437":{"api_id":5437,"api_name":"記念日曙改","api_yomi":"あけぼの","api_stype":2,"api_soku":10,"api_slot_num":3},"5438":{"api_id":5438,"api_name":"記念日択捉改","api_yomi":"えとろふ","api_stype":1,"api_soku":5,"api_slot_num":3},"5439":{"api_id":5439,"api_name":"記念日金剛改二丙","api_yomi":"こんごう","api_stype":8,"api_soku":10,"api_slot_num":4},"5440":{"api_id":5440,"api_name":"記念日Johnston","api_yomi":"ジョンストン","api_stype":2,"api_soku":10,"api_slot_num":2},"5441":{"api_id":5441,"api_name":"記念日海風改二","api_yomi":"うみかぜ","api_stype":2,"api_soku":10,"api_slot_num":3},"5442":{"api_id":5442,"api_name":"お祝い朧","api_yomi":"おぼろ","api_stype":2,"api_soku":10,"api_slot_num":2},"5443":{"api_id":5443,"api_name":"お祝い曙","api_yomi":"あけぼの","api_stype":2,"api_soku":10,"api_slot_num":2},"5444":{"api_id":5444,"api_name":"お祝い漣","api_yomi":"さざなみ","api_stype":2,"api_soku":10,"api_slot_num":2},"5445":{"api_id":5445,"api_name":"お祝い潮","api_yomi":"うしお","api_stype":2,"api_soku":10,"api_slot_num":2},"5446":{"api_id":5446,"api_name":"水着伊47改","api_yomi":"い47","api_stype":13,"api_soku":10,"api_slot_num":2},"5447":{"api_id":5447,"api_name":"水着白露改二","api_yomi":"しらつゆ","api_stype":2,"api_soku":10,"api_slot_num":3},"5448":{"api_id":5448,"api_name":"水着風雲改二","api_yomi":"かざぐも","api_stype":2,"api_soku":10,"api_slot_num":3},"5449":{"api_id":5449,"api_name":"水着沖波改二","api_yomi":"おきなみ","api_stype":2,"api_soku":10,"api_slot_num":3},"5450":{"api_id":5450,"api_name":"水着巻雲改二","api_yomi":"まきぐも","api_stype":2,"api_soku":10,"api_slot_num":3},"5451":{"api_id":5451,"api_name":"水着有明改","api_yomi":"ありあけ","api_stype":2,"api_soku":10,"api_slot_num":3},"5452":{"api_id":5452,"api_name":"水着Houston","api_yomi":"ヒューストン","api_stype":5,"api_soku":10,"api_slot_num":3},"5453":{"api_id":5453,"api_name":"水着Houston改","api_yomi":"ヒューストン","api_stype":5,"api_soku":10,"api_slot_num":4},"5454":{"api_id":5454,"api_name":"水着秋津洲","api_yomi":"あきつしま","api_stype":16,"api_soku":5,"api_slot_num":2},"5455":{"api_id":5455,"api_name":"水着Fletcher","api_yomi":"フレッチャー","api_stype":2,"api_soku":10,"api_slot_num":2},"5456":{"api_id":5456,"api_name":"水着Fletcher改","api_yomi":"フレッチャー","api_stype":2,"api_soku":10,"api_slot_num":3},"5457":{"api_id":5457,"api_name":"水着Fletcher改 Mod.2","api_yomi":"フレッチャー","api_stype":2,"api_soku":10,"api_slot_num":3},"5458":{"api_id":5458,"api_name":"水着Fletcher Mk.II","api_yomi":"フレッチャー","api_stype":2,"api_soku":10,"api_slot_num":3},"5459":{"api_id":5459,"api_name":"水着Maestrale","api_yomi":"マエストラーレ","api_stype":2,"api_soku":10,"api_slot_num":2},"5460":{"api_id":5460,"api_name":"水着Maestrale改","api_yomi":"マエストラーレ","api_stype":2,"api_soku":10,"api_slot_num":2},"5461":{"api_id":5461,"api_name":"水着夕張改二","api_yomi":"ゆうばり","api_stype":3,"api_soku":10,"api_slot_num":4},"5462":{"api_id":5462,"api_name":"水着夕張改二特","api_yomi":"ゆうばり","api_stype":3,"api_soku":5,"api_slot_num":4},"5463":{"api_id":5463,"api_name":"水着夕張改二丁","api_yomi":"ゆうばり","api_stype":3,"api_soku":10,"api_slot_num":4},"5464":{"api_id":5464,"api_name":"水着Richelieu","api_yomi":"リシュリュー","api_stype":8,"api_soku":10,"api_slot_num":4},"5465":{"api_id":5465,"api_name":"水着Gotland","api_yomi":"ゴトランド","api_stype":3,"api_soku":10,"api_slot_num":3},"5466":{"api_id":5466,"api_name":"水着Gotland andra","api_yomi":"ゴトランド","api_stype":3,"api_soku":10,"api_slot_num":4},"5467":{"api_id":5467,"api_name":"水着Grecale","api_yomi":"グレカーレ","api_stype":2,"api_soku":10,"api_slot_num":2},"5468":{"api_id":5468,"api_name":"浴衣South Dakota","api_yomi":"サウスダコタ","api_stype":8,"api_soku":10,"api_slot_num":4},"5469":{"api_id":5469,"api_name":"浴衣South Dakota改","api_yomi":"サウスダコタ","api_stype":8,"api_soku":10,"api_slot_num":4},"5470":{"api_id":5470,"api_name":"浴衣迅鯨","api_yomi":"じんげい","api_stype":20,"api_soku":5,"api_slot_num":2},"5471":{"api_id":5471,"api_name":"浴衣屋代","api_yomi":"やしろ","api_stype":1,"api_soku":5,"api_slot_num":2},"5472":{"api_id":5472,"api_name":"浴衣明石","api_yomi":"あかし","api_stype":19,"api_soku":5,"api_slot_num":3},"5473":{"api_id":5473,"api_name":"浴衣狭霧","api_yomi":"さぎり","api_stype":2,"api_soku":10,"api_slot_num":2},"5474":{"api_id":5474,"api_name":"秋の味覚伊47","api_yomi":"い47","api_stype":13,"api_soku":10,"api_slot_num":1},"5475":{"api_id":5475,"api_name":"秋の味覚狭霧","api_yomi":"さぎり","api_stype":2,"api_soku":10,"api_slot_num":2},"5476":{"api_id":5476,"api_name":"秋の味覚Richelieu","api_yomi":"リシュリュー","api_stype":8,"api_soku":10,"api_slot_num":4},"5477":{"api_id":5477,"api_name":"秋の味覚2020潮改二","api_yomi":"うしお","api_stype":2,"api_soku":10,"api_slot_num":3},"5478":{"api_id":5478,"api_name":"秋の味覚2020村雨","api_yomi":"むらさめ","api_stype":2,"api_soku":10,"api_slot_num":2},"5479":{"api_id":5479,"api_name":"秋の味覚2020村雨改二","api_yomi":"むらさめ","api_stype":2,"api_soku":10,"api_slot_num":3},"5480":{"api_id":5480,"api_name":"ハロウィン野分","api_yomi":"のわき","api_stype":2,"api_soku":10,"api_slot_num":2},"5481":{"api_id":5481,"api_name":"Xmas第四号海防艦","api_yomi":"だいよんごう","api_stype":1,"api_soku":5,"api_slot_num":1},"5482":{"api_id":5482,"api_name":"Xmas大鯨","api_yomi":"たいげい・りゅうほう","api_stype":20,"api_soku":5,"api_slot_num":3},"5483":{"api_id":5483,"api_name":"Xmas龍鳳","api_yomi":"たいげい・りゅうほう","api_stype":7,"api_soku":5,"api_slot_num":3},"5484":{"api_id":5484,"api_name":"Xmas龍鳳改","api_yomi":"たいげい・りゅうほう","api_stype":7,"api_soku":5,"api_slot_num":4},"5485":{"api_id":5485,"api_name":"Xmas速吸","api_yomi":"はやすい","api_stype":22,"api_soku":5,"api_slot_num":2},"5486":{"api_id":5486,"api_name":"Xmas潮","api_yomi":"うしお","api_stype":2,"api_soku":10,"api_slot_num":2},"5487":{"api_id":5487,"api_name":"Xmas潮改二","api_yomi":"うしお","api_stype":2,"api_soku":10,"api_slot_num":3},"5488":{"api_id":5488,"api_name":"Xmas迅鯨","api_yomi":"じんげい","api_stype":20,"api_soku":5,"api_slot_num":2},"5489":{"api_id":5489,"api_name":"Xmas迅鯨改","api_yomi":"じんげい","api_stype":20,"api_soku":5,"api_slot_num":3},"5490":{"api_id":5490,"api_name":"Xmas伊47","api_yomi":"い47","api_stype":13,"api_soku":10,"api_slot_num":1},"5491":{"api_id":5491,"api_name":"Xmas如月","api_yomi":"きさらぎ","api_stype":2,"api_soku":10,"api_slot_num":2},"5492":{"api_id":5492,"api_name":"正月比叡改二丙","api_yomi":"ひえい","api_stype":8,"api_soku":10,"api_slot_num":4},"5493":{"api_id":5493,"api_name":"正月衣笠","api_yomi":"きぬがさ","api_stype":5,"api_soku":10,"api_slot_num":3},"5494":{"api_id":5494,"api_name":"正月衣笠改二","api_yomi":"きぬがさ","api_stype":5,"api_soku":10,"api_slot_num":4},"5495":{"api_id":5495,"api_name":"正月Gambier Bay","api_yomi":"ガンビア・ベイ","api_stype":7,"api_soku":5,"api_slot_num":2},"5496":{"api_id":5496,"api_name":"正月神鷹","api_yomi":"しんよう","api_stype":7,"api_soku":5,"api_slot_num":3},"5497":{"api_id":5497,"api_name":"正月睦月","api_yomi":"むつき","api_stype":2,"api_soku":10,"api_slot_num":2},"5498":{"api_id":5498,"api_name":"正月Houston","api_yomi":"ヒューストン","api_stype":5,"api_soku":10,"api_slot_num":3},"5499":{"api_id":5499,"api_name":"正月龍鳳","api_yomi":"たいげい・りゅうほう","api_stype":7,"api_soku":5,"api_slot_num":3},"5500":{"api_id":5500,"api_name":"正月龍鳳改","api_yomi":"たいげい・りゅうほう","api_stype":7,"api_soku":5,"api_slot_num":4},"5501":{"api_id":5501,"api_name":"正月川内改二","api_yomi":"せんだい","api_stype":3,"api_soku":10,"api_slot_num":3},"5502":{"api_id":5502,"api_name":"節分朧","api_yomi":"おぼろ","api_stype":2,"api_soku":10,"api_slot_num":2},"5503":{"api_id":5503,"api_name":"節分迅鯨改","api_yomi":"じんげい","api_stype":20,"api_soku":5,"api_slot_num":3},"5504":{"api_id":5504,"api_name":"節分鳳翔","api_yomi":"ほうしょう","api_stype":7,"api_soku":5,"api_slot_num":2},"5505":{"api_id":5505,"api_name":"節分伊47","api_yomi":"い47","api_stype":13,"api_soku":10,"api_slot_num":1},"5506":{"api_id":5506,"api_name":"晩秋の私服酒匂","api_yomi":"さかわ","api_stype":3,"api_soku":10,"api_slot_num":3},"5507":{"api_id":5507,"api_name":"バレンタイン迅鯨","api_yomi":"じんげい","api_stype":20,"api_soku":5,"api_slot_num":2},"5508":{"api_id":5508,"api_name":"バレンタイン明石","api_yomi":"あかし","api_stype":19,"api_soku":5,"api_slot_num":3},"5509":{"api_id":5509,"api_name":"バレンタインPerth","api_yomi":"パース","api_stype":3,"api_soku":10,"api_slot_num":3},"5510":{"api_id":5510,"api_name":"バレンタインJohnston","api_yomi":"ジョンストン","api_stype":2,"api_soku":10,"api_slot_num":2},"5511":{"api_id":5511,"api_name":"バレンタインScirocco","api_yomi":"シロッコ","api_stype":2,"api_soku":10,"api_slot_num":2},"5512":{"api_id":5512,"api_name":"バレンタインMaestrale","api_yomi":"マエストラーレ","api_stype":2,"api_soku":10,"api_slot_num":2},"5513":{"api_id":5513,"api_name":"バレンタインLibeccio","api_yomi":"リベッチオ","api_stype":2,"api_soku":10,"api_slot_num":2},"5514":{"api_id":5514,"api_name":"【保留】","api_yomi":"n/a","api_stype":2,"api_soku":10,"api_slot_num":2},"5515":{"api_id":5515,"api_name":"桃節句佐渡","api_yomi":"さど","api_stype":1,"api_soku":5,"api_slot_num":2},"5516":{"api_id":5516,"api_name":"桃節句松輪","api_yomi":"まつわ","api_stype":1,"api_soku":5,"api_slot_num":2},"5517":{"api_id":5517,"api_name":"桃節句夕雲","api_yomi":"ゆうぐも","api_stype":2,"api_soku":10,"api_slot_num":2},"5518":{"api_id":5518,"api_name":"桃節句第四号海防艦","api_yomi":"だいよんごう","api_stype":1,"api_soku":5,"api_slot_num":2},"5519":{"api_id":5519,"api_name":"お出掛け天津風","api_yomi":"あまつかぜ","api_stype":2,"api_soku":10,"api_slot_num":3},"5520":{"api_id":5520,"api_name":"記念日曙改二","api_yomi":"あけぼの","api_stype":2,"api_soku":10,"api_slot_num":3},"5521":{"api_id":5521,"api_name":"記念日沖波改二","api_yomi":"おきなみ","api_stype":2,"api_soku":10,"api_slot_num":3},"5522":{"api_id":5522,"api_name":"記念日風雲改二","api_yomi":"かざぐも","api_stype":2,"api_soku":10,"api_slot_num":3},"5523":{"api_id":5523,"api_name":"記念日Helena","api_yomi":"ヘレナ","api_stype":3,"api_soku":10,"api_slot_num":3},"5524":{"api_id":5524,"api_name":"桜迅鯨","api_yomi":"じんげい","api_stype":20,"api_soku":5,"api_slot_num":2},"5525":{"api_id":5525,"api_name":"桜迅鯨改","api_yomi":"じんげい","api_stype":20,"api_soku":5,"api_slot_num":3},"5526":{"api_id":5526,"api_name":"【保留】","api_yomi":"n/a","api_stype":2,"api_soku":10,"api_slot_num":2},"5527":{"api_id":5527,"api_name":"【保留】","api_yomi":"n/a","api_stype":2,"api_soku":10,"api_slot_num":2},"5528":{"api_id":5528,"api_name":"お出掛けSouth Dakota","api_yomi":"サウスダコタ","api_stype":8,"api_soku":10,"api_slot_num":4},"5529":{"api_id":5529,"api_name":"記念日伊47","api_yomi":"い47","api_stype":13,"api_soku":10,"api_slot_num":1},"5530":{"api_id":5530,"api_name":"【保留】","api_yomi":"n/a","api_stype":2,"api_soku":10,"api_slot_num":2},"5531":{"api_id":5531,"api_name":"【保留】","api_yomi":"n/a","api_stype":2,"api_soku":10,"api_slot_num":2},"5532":{"api_id":5532,"api_name":"【保留】","api_yomi":"n/a","api_stype":2,"api_soku":10,"api_slot_num":2},"5533":{"api_id":5533,"api_name":"お祝い曙改二","api_yomi":"あけぼの","api_stype":2,"api_soku":10,"api_slot_num":3},"5534":{"api_id":5534,"api_name":"【保留】","api_yomi":"n/a","api_stype":2,"api_soku":10,"api_slot_num":2},"5535":{"api_id":5535,"api_name":"お祝い潮改二","api_yomi":"うしお","api_stype":2,"api_soku":10,"api_slot_num":3},"5536":{"api_id":5536,"api_name":"【保留】","api_yomi":"n/a","api_stype":2,"api_soku":10,"api_slot_num":2},"5537":{"api_id":5537,"api_name":"夏制服風雲改二","api_yomi":"かざぐも","api_stype":2,"api_soku":10,"api_slot_num":3},"5538":{"api_id":5538,"api_name":"夏制服巻雲改二","api_yomi":"まきぐも","api_stype":2,"api_soku":10,"api_slot_num":3},"5539":{"api_id":5539,"api_name":"夏制服沖波改二","api_yomi":"おきなみ","api_stype":2,"api_soku":10,"api_slot_num":3},"5540":{"api_id":5540,"api_name":"夏制服朝霜改二","api_yomi":"あさしも","api_stype":2,"api_soku":10,"api_slot_num":3},"5541":{"api_id":5541,"api_name":"梅雨朧","api_yomi":"おぼろ","api_stype":2,"api_soku":10,"api_slot_num":2},"5542":{"api_id":5542,"api_name":"梅雨榛名","api_yomi":"はるな","api_stype":8,"api_soku":10,"api_slot_num":4},"5543":{"api_id":5543,"api_name":"梅雨加古","api_yomi":"かこ","api_stype":5,"api_soku":10,"api_slot_num":3},"5544":{"api_id":5544,"api_name":"梅雨Libeccio","api_yomi":"リベッチオ","api_stype":2,"api_soku":10,"api_slot_num":2},"5545":{"api_id":5545,"api_name":"梅雨Scirocco","api_yomi":"シロッコ","api_stype":2,"api_soku":10,"api_slot_num":2},"5546":{"api_id":5546,"api_name":"梅雨水無月","api_yomi":"みなづき","api_stype":2,"api_soku":10,"api_slot_num":2},"5547":{"api_id":5547,"api_name":"梅雨宗谷(特務艦)","api_yomi":"そうや","api_stype":22,"api_soku":5,"api_slot_num":3},"5548":{"api_id":5548,"api_name":"梅雨宗谷(灯台補給船)","api_yomi":"そうや","api_stype":22,"api_soku":5,"api_slot_num":3},"5549":{"api_id":5549,"api_name":"梅雨宗谷(南極観測船)","api_yomi":"そうや","api_stype":22,"api_soku":5,"api_slot_num":3},"5550":{"api_id":5550,"api_name":"春の私服伊203","api_yomi":"い203","api_stype":13,"api_soku":10,"api_slot_num":1},"5551":{"api_id":5551,"api_name":"【保留】","api_yomi":"n/a","api_stype":2,"api_soku":10,"api_slot_num":2},"5552":{"api_id":5552,"api_name":"お祝い八丈","api_yomi":"はちじょう","api_stype":1,"api_soku":5,"api_slot_num":2},"5553":{"api_id":5553,"api_name":"水着曙改二","api_yomi":"あけぼの","api_stype":2,"api_soku":10,"api_slot_num":3},"5554":{"api_id":5554,"api_name":"夏龍鳳改二","api_yomi":"たいげい・りゅうほう","api_stype":7,"api_soku":10,"api_slot_num":4},"5555":{"api_id":5555,"api_name":"夏龍鳳改二戊","api_yomi":"たいげい・りゅうほう","api_stype":7,"api_soku":5,"api_slot_num":4},"5556":{"api_id":5556,"api_name":"夏海風改二","api_yomi":"うみかぜ","api_stype":2,"api_soku":10,"api_slot_num":3},"5557":{"api_id":5557,"api_name":"夏2021Gotland andra","api_yomi":"ゴトランド","api_stype":3,"api_soku":10,"api_slot_num":4},"5558":{"api_id":5558,"api_name":"水着迅鯨","api_yomi":"じんげい","api_stype":20,"api_soku":5,"api_slot_num":2},"5559":{"api_id":5559,"api_name":"水着涼波","api_yomi":"すずなみ","api_stype":2,"api_soku":10,"api_slot_num":2},"5560":{"api_id":5560,"api_name":"水着Perth","api_yomi":"パース","api_stype":3,"api_soku":10,"api_slot_num":3},"5561":{"api_id":5561,"api_name":"水着竹","api_yomi":"たけ","api_stype":2,"api_soku":10,"api_slot_num":2},"5562":{"api_id":5562,"api_name":"夏の私服宗谷(特務艦)","api_yomi":"そうや","api_stype":22,"api_soku":5,"api_slot_num":3},"5563":{"api_id":5563,"api_name":"夏の私服宗谷(灯台補給船)","api_yomi":"そうや","api_stype":22,"api_soku":5,"api_slot_num":3},"5564":{"api_id":5564,"api_name":"夏の私服宗谷(南極観測船)","api_yomi":"そうや","api_stype":22,"api_soku":5,"api_slot_num":3},"5565":{"api_id":5565,"api_name":"水着Honolulu ","api_yomi":"ホノルル","api_stype":3,"api_soku":10,"api_slot_num":3},"5566":{"api_id":5566,"api_name":"睡眠加古","api_yomi":"かこ","api_stype":5,"api_soku":10,"api_slot_num":3},"5567":{"api_id":5567,"api_name":"夏の私服伊203","api_yomi":"い203","api_stype":13,"api_soku":10,"api_slot_num":1},"5568":{"api_id":5568,"api_name":"水着高波改二","api_yomi":"たかなみ","api_stype":2,"api_soku":10,"api_slot_num":3},"5569":{"api_id":5569,"api_name":"水着Washington","api_yomi":"ワシントン","api_stype":8,"api_soku":10,"api_slot_num":4},"5570":{"api_id":5570,"api_name":"水着Washington改","api_yomi":"ワシントン","api_stype":8,"api_soku":10,"api_slot_num":4},"5571":{"api_id":5571,"api_name":"水着South Dakota","api_yomi":"サウスダコタ","api_stype":8,"api_soku":10,"api_slot_num":4},"5572":{"api_id":5572,"api_name":"水着South Dakota改","api_yomi":"サウスダコタ","api_stype":8,"api_soku":10,"api_slot_num":4},"5573":{"api_id":5573,"api_name":"水着由良改二","api_yomi":"ゆら","api_stype":3,"api_soku":10,"api_slot_num":3},"5574":{"api_id":5574,"api_name":"欧州遠征迅鯨","api_yomi":"じんげい","api_stype":20,"api_soku":5,"api_slot_num":2},"5575":{"api_id":5575,"api_name":"夏のお嬢さん丹陽","api_yomi":"ゆきかぜ","api_stype":2,"api_soku":10,"api_slot_num":3},"5576":{"api_id":5576,"api_name":"夏のお嬢さん雪風改二","api_yomi":"ゆきかぜ","api_stype":2,"api_soku":10,"api_slot_num":3},"5577":{"api_id":5577,"api_name":"浴衣第四号海防艦","api_yomi":"だいよんごう","api_stype":1,"api_soku":5,"api_slot_num":2},"5578":{"api_id":5578,"api_name":"夏制服高波改二","api_yomi":"たかなみ","api_stype":2,"api_soku":10,"api_slot_num":3},"5579":{"api_id":5579,"api_name":"浴衣長鯨","api_yomi":"ちょうげい","api_stype":20,"api_soku":5,"api_slot_num":2},"5580":{"api_id":5580,"api_name":"浴衣Northampton","api_yomi":"ノーザンプトン","api_stype":5,"api_soku":10,"api_slot_num":3},"5581":{"api_id":5581,"api_name":"浴衣Northampton改","api_yomi":"ノーザンプトン","api_stype":5,"api_soku":10,"api_slot_num":4},"5582":{"api_id":5582,"api_name":"浴衣Conte di Cavour","api_yomi":"カブール","api_stype":9,"api_soku":5,"api_slot_num":4},"5583":{"api_id":5583,"api_name":"浴衣Conte di Cavour nuovo","api_yomi":"カブール","api_stype":8,"api_soku":10,"api_slot_num":4},"5584":{"api_id":5584,"api_name":"浴衣Victorious","api_yomi":"ヴィクトリアス","api_stype":18,"api_soku":10,"api_slot_num":4},"5585":{"api_id":5585,"api_name":"浴衣Honolulu ","api_yomi":"ホノルル","api_stype":3,"api_soku":10,"api_slot_num":3},"5586":{"api_id":5586,"api_name":"浴衣伊203","api_yomi":"い203","api_stype":13,"api_soku":10,"api_slot_num":1},"5587":{"api_id":5587,"api_name":"買い物Richelieu","api_yomi":"リシュリュー","api_stype":8,"api_soku":10,"api_slot_num":4},"5588":{"api_id":5588,"api_name":"ハロウィン第三〇号海防艦","api_yomi":"だいさんじゅうごう","api_stype":1,"api_soku":5,"api_slot_num":2},"5589":{"api_id":5589,"api_name":"ハロウィン第四号海防艦","api_yomi":"だいよんごう","api_stype":1,"api_soku":5,"api_slot_num":2},"5590":{"api_id":5590,"api_name":"ハロウィン浜波","api_yomi":"はまなみ","api_stype":2,"api_soku":10,"api_slot_num":2},"5591":{"api_id":5591,"api_name":"ハロウィンScirocco","api_yomi":"シロッコ","api_stype":2,"api_soku":10,"api_slot_num":2},"5592":{"api_id":5592,"api_name":"ハロウィン伊47","api_yomi":"い47","api_stype":13,"api_soku":10,"api_slot_num":1},"5593":{"api_id":5593,"api_name":"ハロウィン多摩","api_yomi":"たま","api_stype":3,"api_soku":10,"api_slot_num":2},"5594":{"api_id":5594,"api_name":"ハロウィン多摩改二","api_yomi":"たま","api_stype":3,"api_soku":10,"api_slot_num":3},"5595":{"api_id":5595,"api_name":"ハロウィンJohnston","api_yomi":"ジョンストン","api_stype":2,"api_soku":10,"api_slot_num":2},"5596":{"api_id":5596,"api_name":"オクトーバーフェストGotland","api_yomi":"ゴトランド","api_stype":3,"api_soku":10,"api_slot_num":3},"5597":{"api_id":5597,"api_name":"オクトーバーフェストGotland andra","api_yomi":"ゴトランド","api_stype":3,"api_soku":10,"api_slot_num":4},"5598":{"api_id":5598,"api_name":"オクトーバーフェスト神鷹","api_yomi":"しんよう","api_stype":7,"api_soku":5,"api_slot_num":3},"5599":{"api_id":5599,"api_name":"ガチF作業曙改二","api_yomi":"あけぼの","api_stype":2,"api_soku":10,"api_slot_num":3},"5600":{"api_id":5600,"api_name":"秋の味覚第四号海防艦","api_yomi":"だいよんごう","api_stype":1,"api_soku":5,"api_slot_num":2},"5601":{"api_id":5601,"api_name":"秋刀魚Victorious","api_yomi":"ヴィクトリアス","api_stype":18,"api_soku":10,"api_slot_num":4},"5602":{"api_id":5602,"api_name":"修羅場C99秋雲","api_yomi":"あきぐも","api_stype":2,"api_soku":10,"api_slot_num":2},"5603":{"api_id":5603,"api_name":"クリスマス第三〇号海防艦","api_yomi":"だいさんじゅうごう","api_stype":1,"api_soku":5,"api_slot_num":2},"5604":{"api_id":5604,"api_name":"クリスマス巻波","api_yomi":"まきなみ","api_stype":2,"api_soku":10,"api_slot_num":2},"5605":{"api_id":5605,"api_name":"クリスマス伊203","api_yomi":"い203","api_stype":13,"api_soku":10,"api_slot_num":1},"5606":{"api_id":5606,"api_name":"クリスマスSheffield","api_yomi":"シェフィールド","api_stype":3,"api_soku":10,"api_slot_num":3},"5607":{"api_id":5607,"api_name":"クリスマス朧","api_yomi":"おぼろ","api_stype":2,"api_soku":10,"api_slot_num":2},"5608":{"api_id":5608,"api_name":"クリスマスHouston","api_yomi":"ヒューストン","api_stype":5,"api_soku":10,"api_slot_num":3},"5609":{"api_id":5609,"api_name":"正月第四号海防艦","api_yomi":"だいよんごう","api_stype":1,"api_soku":5,"api_slot_num":1},"5610":{"api_id":5610,"api_name":"正月迅鯨","api_yomi":"じんげい","api_stype":20,"api_soku":5,"api_slot_num":2},"5611":{"api_id":5611,"api_name":"正月宗谷(特務艦)","api_yomi":"そうや","api_stype":22,"api_soku":5,"api_slot_num":3},"5612":{"api_id":5612,"api_name":"正月宗谷(灯台補給船)","api_yomi":"そうや","api_stype":22,"api_soku":5,"api_slot_num":3},"5613":{"api_id":5613,"api_name":"正月宗谷(南極観測船)","api_yomi":"そうや","api_stype":22,"api_soku":5,"api_slot_num":3},"5614":{"api_id":5614,"api_name":"正月伊203","api_yomi":"い203","api_stype":13,"api_soku":10,"api_slot_num":1},"5615":{"api_id":5615,"api_name":"正月伊47","api_yomi":"い47","api_stype":13,"api_soku":10,"api_slot_num":1},"5616":{"api_id":5616,"api_name":"正月長門","api_yomi":"ながと","api_stype":9,"api_soku":5,"api_slot_num":4},"5617":{"api_id":5617,"api_name":"正月翔鶴","api_yomi":"しょうかく","api_stype":11,"api_soku":10,"api_slot_num":4},"5618":{"api_id":5618,"api_name":"正月Conte di Cavour","api_yomi":"カブール","api_stype":9,"api_soku":5,"api_slot_num":4},"5619":{"api_id":5619,"api_name":"節分第四号海防艦","api_yomi":"だいよんごう","api_stype":1,"api_soku":5,"api_slot_num":1},"5620":{"api_id":5620,"api_name":"節分大淀","api_yomi":"おおよど","api_stype":3,"api_soku":10,"api_slot_num":3},"5621":{"api_id":5621,"api_name":"節分大淀改","api_yomi":"おおよど","api_stype":3,"api_soku":10,"api_slot_num":4},"5622":{"api_id":5622,"api_name":"節分深雪","api_yomi":"みゆき","api_stype":2,"api_soku":10,"api_slot_num":2},"5623":{"api_id":5623,"api_name":"バレンタインGotland","api_yomi":"ゴトランド","api_stype":3,"api_soku":10,"api_slot_num":3},"5624":{"api_id":5624,"api_name":"バレンタインGotland andra","api_yomi":"ゴトランド","api_stype":3,"api_soku":10,"api_slot_num":4},"5625":{"api_id":5625,"api_name":"バレンタイン第三〇号海防艦","api_yomi":"だいさんじゅうごう","api_stype":1,"api_soku":5,"api_slot_num":2},"5626":{"api_id":5626,"api_name":"バレンタイン浜波","api_yomi":"はまなみ","api_stype":2,"api_soku":10,"api_slot_num":2},"5627":{"api_id":5627,"api_name":"バレンタイン伊47","api_yomi":"い47","api_stype":13,"api_soku":10,"api_slot_num":1},"5628":{"api_id":5628,"api_name":"春の私服卯月","api_yomi":"うづき","api_stype":2,"api_soku":10,"api_slot_num":2},"5629":{"api_id":5629,"api_name":"お出掛け長鯨","api_yomi":"ちょうげい","api_stype":20,"api_soku":5,"api_slot_num":2},"5630":{"api_id":5630,"api_name":"お出掛け長鯨改","api_yomi":"ちょうげい","api_stype":20,"api_soku":5,"api_slot_num":3},"5631":{"api_id":5631,"api_name":"記念日第四号海防艦","api_yomi":"だいよんごう","api_stype":1,"api_soku":5,"api_slot_num":1},"5632":{"api_id":5632,"api_name":"記念日第三〇号海防艦","api_yomi":"だいさんじゅうごう","api_stype":1,"api_soku":5,"api_slot_num":2},"5633":{"api_id":5633,"api_name":"記念日山汐丸","api_yomi":"やましおまる","api_stype":22,"api_soku":5,"api_slot_num":2},"5634":{"api_id":5634,"api_name":"記念日屋代","api_yomi":"やしろ","api_stype":1,"api_soku":5,"api_slot_num":2},"5635":{"api_id":5635,"api_name":"記念日岸波","api_yomi":"きしなみ","api_stype":2,"api_soku":10,"api_slot_num":2},"5636":{"api_id":5636,"api_name":"お祝いFletcher","api_yomi":"フレッチャー","api_stype":2,"api_soku":10,"api_slot_num":2},"5637":{"api_id":5637,"api_name":"お祝いFletcher改","api_yomi":"フレッチャー","api_stype":2,"api_soku":10,"api_slot_num":3},"5638":{"api_id":5638,"api_name":"お祝いFletcher改 Mod.2","api_yomi":"フレッチャー","api_stype":2,"api_soku":10,"api_slot_num":3},"5639":{"api_id":5639,"api_name":"お祝いFletcher Mk.II","api_yomi":"フレッチャー","api_stype":2,"api_soku":10,"api_slot_num":3},"5640":{"api_id":5640,"api_name":"梅雨高波改二","api_yomi":"たかなみ","api_stype":2,"api_soku":10,"api_slot_num":3},"5641":{"api_id":5641,"api_name":"梅雨曙改二","api_yomi":"あけぼの","api_stype":2,"api_soku":10,"api_slot_num":3},"5642":{"api_id":5642,"api_name":"梅雨潮","api_yomi":"うしお","api_stype":2,"api_soku":10,"api_slot_num":2},"5643":{"api_id":5643,"api_name":"梅雨潮改二","api_yomi":"うしお","api_stype":2,"api_soku":10,"api_slot_num":3},"5644":{"api_id":5644,"api_name":"夏最上改二","api_yomi":"もがみ","api_stype":6,"api_soku":10,"api_slot_num":4},"5645":{"api_id":5645,"api_name":"夏最上改二特","api_yomi":"もがみ","api_stype":6,"api_soku":10,"api_slot_num":4},"5646":{"api_id":5646,"api_name":"水着第三〇号海防艦","api_yomi":"だいさんじゅうごう","api_stype":1,"api_soku":5,"api_slot_num":2},"5647":{"api_id":5647,"api_name":"水着衣笠","api_yomi":"きぬがさ","api_stype":5,"api_soku":10,"api_slot_num":3},"5648":{"api_id":5648,"api_name":"水着衣笠改二","api_yomi":"きぬがさ","api_stype":5,"api_soku":10,"api_slot_num":4},"5649":{"api_id":5649,"api_name":"水着狭霧","api_yomi":"さぎり","api_stype":2,"api_soku":10,"api_slot_num":2},"5650":{"api_id":5650,"api_name":"水着狭霧改","api_yomi":"さぎり","api_stype":2,"api_soku":10,"api_slot_num":3},"5651":{"api_id":5651,"api_name":"水着山汐丸","api_yomi":"やましおまる","api_stype":22,"api_soku":5,"api_slot_num":2},"5652":{"api_id":5652,"api_name":"水着Helena","api_yomi":"ヘレナ","api_stype":3,"api_soku":10,"api_slot_num":3},"5653":{"api_id":5653,"api_name":"水着Helena改","api_yomi":"ヘレナ","api_stype":3,"api_soku":10,"api_slot_num":3},"5654":{"api_id":5654,"api_name":"水着伊201","api_yomi":"い201","api_stype":13,"api_soku":10,"api_slot_num":1},"5655":{"api_id":5655,"api_name":"水着春日丸","api_yomi":"たいよう","api_stype":7,"api_soku":5,"api_slot_num":2},"5656":{"api_id":5656,"api_name":"水着大鷹","api_yomi":"たいよう","api_stype":7,"api_soku":5,"api_slot_num":3},"5657":{"api_id":5657,"api_name":"水着大鷹改","api_yomi":"たいよう","api_stype":7,"api_soku":5,"api_slot_num":4},"5658":{"api_id":5658,"api_name":"水着大鷹改二","api_yomi":"たいよう","api_stype":7,"api_soku":5,"api_slot_num":4},"5659":{"api_id":5659,"api_name":"かき氷Gambier Bay Mk.II","api_yomi":"ガンビア・ベイ","api_stype":7,"api_soku":5,"api_slot_num":4},"5660":{"api_id":5660,"api_name":"水着大和改二","api_yomi":"やまと","api_stype":8,"api_soku":5,"api_slot_num":5},"5661":{"api_id":5661,"api_name":"水着大和改二重","api_yomi":"やまと","api_stype":10,"api_soku":5,"api_slot_num":5},"5662":{"api_id":5662,"api_name":"水着山風改二","api_yomi":"やまかぜ","api_stype":2,"api_soku":10,"api_slot_num":3},"5663":{"api_id":5663,"api_name":"水着山風改二丁","api_yomi":"やまかぜ","api_stype":2,"api_soku":10,"api_slot_num":3},"5664":{"api_id":5664,"api_name":"水着長鯨","api_yomi":"ちょうげい","api_stype":20,"api_soku":5,"api_slot_num":2},"5665":{"api_id":5665,"api_name":"トーチ作戦長鯨","api_yomi":"ちょうげい","api_stype":20,"api_soku":5,"api_slot_num":2},"5666":{"api_id":5666,"api_name":"お出掛け古鷹","api_yomi":"ふるたか","api_stype":5,"api_soku":10,"api_slot_num":3},"5667":{"api_id":5667,"api_name":"秋冬制服夏雲","api_yomi":"なつぐも","api_stype":2,"api_soku":10,"api_slot_num":2},"5668":{"api_id":5668,"api_name":"秋冬制服夏雲改","api_yomi":"なつぐも","api_stype":2,"api_soku":10,"api_slot_num":3},"5669":{"api_id":5669,"api_name":"秋冬制服峯雲","api_yomi":"みねぐも","api_stype":2,"api_soku":10,"api_slot_num":2},"5670":{"api_id":5670,"api_name":"浴衣朝霜改二","api_yomi":"あさしも","api_stype":2,"api_soku":10,"api_slot_num":3},"5671":{"api_id":5671,"api_name":"浴衣第四号海防艦","api_yomi":"だいよんごう","api_stype":1,"api_soku":5,"api_slot_num":1},"5672":{"api_id":5672,"api_name":"浴衣第三〇号海防艦","api_yomi":"だいさんじゅうごう","api_stype":1,"api_soku":5,"api_slot_num":2},"5673":{"api_id":5673,"api_name":"ハロウィン早波","api_yomi":"はやなみ","api_stype":2,"api_soku":10,"api_slot_num":2},"5674":{"api_id":5674,"api_name":"ハロウィン阿武隈改二","api_yomi":"あぶくま","api_stype":3,"api_soku":10,"api_slot_num":3},"5675":{"api_id":5675,"api_name":"ハロウィン伊201","api_yomi":"い201","api_stype":13,"api_soku":10,"api_slot_num":1},"5676":{"api_id":5676,"api_name":"ハロウィンBrooklyn","api_yomi":"ブルックリン","api_stype":3,"api_soku":10,"api_slot_num":3},"5677":{"api_id":5677,"api_name":"ハロウィンMaestrale","api_yomi":"マエストラーレ","api_stype":2,"api_soku":10,"api_slot_num":2},"5678":{"api_id":5678,"api_name":"浴衣秋雲","api_yomi":"あきぐも","api_stype":2,"api_soku":10,"api_slot_num":2},"5679":{"api_id":5679,"api_name":"浴衣秋雲改二","api_yomi":"あきぐも","api_stype":2,"api_soku":10,"api_slot_num":3},"5680":{"api_id":5680,"api_name":"浴衣山汐丸","api_yomi":"やましおまる","api_stype":22,"api_soku":5,"api_slot_num":2},"5681":{"api_id":5681,"api_name":"浴衣鵜来","api_yomi":"うくる","api_stype":1,"api_soku":5,"api_slot_num":2},"5682":{"api_id":5682,"api_name":"浴衣鵜来改","api_yomi":"うくる","api_stype":1,"api_soku":5,"api_slot_num":3},"5683":{"api_id":5683,"api_name":"浴衣最上","api_yomi":"もがみ","api_stype":5,"api_soku":10,"api_slot_num":3},"5684":{"api_id":5684,"api_name":"浴衣最上改二","api_yomi":"もがみ","api_stype":5,"api_soku":10,"api_slot_num":4},"5685":{"api_id":5685,"api_name":"浴衣最上改二特","api_yomi":"もがみ","api_stype":5,"api_soku":10,"api_slot_num":4},"5686":{"api_id":5686,"api_name":"ハロウィンBrooklyn改","api_yomi":"ブルックリン","api_stype":3,"api_soku":10,"api_slot_num":4},"5687":{"api_id":5687,"api_name":"秋刀魚山汐丸","api_yomi":"やましおまる","api_stype":22,"api_soku":5,"api_slot_num":2},"5688":{"api_id":5688,"api_name":"秋刀魚第三〇号海防艦","api_yomi":"だいさんじゅうごう","api_stype":1,"api_soku":5,"api_slot_num":2},"5689":{"api_id":5689,"api_name":"秋刀魚Ranger","api_yomi":"レンジャー","api_stype":11,"api_soku":10,"api_slot_num":4},"5690":{"api_id":5690,"api_name":"秋刀魚木曾","api_yomi":"きそ","api_stype":3,"api_soku":10,"api_slot_num":2},"5691":{"api_id":5691,"api_name":"秋刀魚木曾改二","api_yomi":"きそ","api_stype":3,"api_soku":10,"api_slot_num":3},"5692":{"api_id":5692,"api_name":"秋刀魚伊203","api_yomi":"い203","api_stype":13,"api_soku":10,"api_slot_num":1},"5693":{"api_id":5693,"api_name":"秋刀魚朝霜改二","api_yomi":"あさしも","api_stype":2,"api_soku":10,"api_slot_num":3},"5694":{"api_id":5694,"api_name":"Xmas山汐丸","api_yomi":"やましおまる","api_stype":22,"api_soku":5,"api_slot_num":2},"5695":{"api_id":5695,"api_name":"Xmas長鯨","api_yomi":"ちょうげい","api_stype":20,"api_soku":5,"api_slot_num":2},"5696":{"api_id":5696,"api_name":"Xmas長鯨改","api_yomi":"ちょうげい","api_stype":20,"api_soku":5,"api_slot_num":3},"5697":{"api_id":5697,"api_name":"クリスマスJean Bart","api_yomi":"ジャン・バール","api_stype":8,"api_soku":10,"api_slot_num":4},"5698":{"api_id":5698,"api_name":"クリスマスL.d.S.D.d.Abruzzi","api_yomi":"アブルッツィ","api_stype":3,"api_soku":10,"api_slot_num":3},"5699":{"api_id":5699,"api_name":"Xmas鵜来","api_yomi":"うくる","api_stype":1,"api_soku":5,"api_slot_num":2},"5700":{"api_id":5700,"api_name":"クリスマスRanger","api_yomi":"レンジャー","api_stype":11,"api_soku":10,"api_slot_num":4},"5701":{"api_id":5701,"api_name":"Xmas矢矧改二","api_yomi":"やはぎ","api_stype":3,"api_soku":10,"api_slot_num":4},"5702":{"api_id":5702,"api_name":"Xmas矢矧改二乙","api_yomi":"やはぎ","api_stype":3,"api_soku":10,"api_slot_num":4},"5703":{"api_id":5703,"api_name":"修羅場秋雲改二","api_yomi":"あきぐも","api_stype":2,"api_soku":10,"api_slot_num":3},"5704":{"api_id":5704,"api_name":"クリスマスHonolulu ","api_yomi":"ホノルル","api_stype":3,"api_soku":10,"api_slot_num":3},"5705":{"api_id":5705,"api_name":"修羅場C101秋雲改二","api_yomi":"あきぐも","api_stype":2,"api_soku":10,"api_slot_num":3},"5706":{"api_id":5706,"api_name":"超修羅場秋雲改二","api_yomi":"あきぐも","api_stype":2,"api_soku":10,"api_slot_num":3},"5707":{"api_id":5707,"api_name":"超スーパー修羅場秋雲改二","api_yomi":"あきぐも","api_stype":2,"api_soku":10,"api_slot_num":3},"5708":{"api_id":5708,"api_name":"打ち上げ秋雲改二","api_yomi":"あきぐも","api_stype":2,"api_soku":10,"api_slot_num":3},"5709":{"api_id":5709,"api_name":"【保留】","api_yomi":"n/a","api_stype":2,"api_soku":10,"api_slot_num":2},"5710":{"api_id":5710,"api_name":"売り子風雲改二","api_yomi":"かざぐも","api_stype":2,"api_soku":10,"api_slot_num":3},"5711":{"api_id":5711,"api_name":"大掃除曙改二","api_yomi":"あけぼの","api_stype":2,"api_soku":10,"api_slot_num":3},"5712":{"api_id":5712,"api_name":"正月Samuel B.Roberts Mk.II","api_yomi":"サミュエル・B・ロバーツ","api_stype":2,"api_soku":10,"api_slot_num":3},"5713":{"api_id":5713,"api_name":"正月長鯨","api_yomi":"ちょうげい","api_stype":20,"api_soku":5,"api_slot_num":2},"5714":{"api_id":5714,"api_name":"正月第三〇号海防艦","api_yomi":"だいさんじゅうごう","api_stype":1,"api_soku":5,"api_slot_num":2},"5715":{"api_id":5715,"api_name":"正月山汐丸","api_yomi":"やましおまる","api_stype":22,"api_soku":5,"api_slot_num":2},"5716":{"api_id":5716,"api_name":"正月大井","api_yomi":"おおい","api_stype":3,"api_soku":10,"api_slot_num":2},"5717":{"api_id":5717,"api_name":"正月Ranger","api_yomi":"レンジャー","api_stype":11,"api_soku":10,"api_slot_num":4},"5718":{"api_id":5718,"api_name":"正月瑞鳳改二","api_yomi":"ずいほう","api_stype":7,"api_soku":10,"api_slot_num":4},"5719":{"api_id":5719,"api_name":"正月Johnston","api_yomi":"ジョンストン","api_stype":2,"api_soku":10,"api_slot_num":2},"5720":{"api_id":5720,"api_name":"正月瑞鳳改二乙","api_yomi":"ずいほう","api_stype":7,"api_soku":10,"api_slot_num":4},"5721":{"api_id":5721,"api_name":"節分浦波改二","api_yomi":"うらなみ","api_stype":2,"api_soku":10,"api_slot_num":3},"5722":{"api_id":5722,"api_name":"節分天霧改二","api_yomi":"あまぎり","api_stype":2,"api_soku":10,"api_slot_num":3},"5723":{"api_id":5723,"api_name":"節分天霧改二丁","api_yomi":"あまぎり","api_stype":2,"api_soku":10,"api_slot_num":3},"5724":{"api_id":5724,"api_name":"節分鳳翔改二","api_yomi":"ほうしょう","api_stype":7,"api_soku":5,"api_slot_num":4},"5725":{"api_id":5725,"api_name":"節分鳳翔改二戦","api_yomi":"ほうしょう","api_stype":7,"api_soku":5,"api_slot_num":4},"5726":{"api_id":5726,"api_name":"節分第三〇号海防艦","api_yomi":"だいさんじゅうごう","api_stype":1,"api_soku":5,"api_slot_num":2},"5727":{"api_id":5727,"api_name":"節分Ranger","api_yomi":"レンジャー","api_stype":11,"api_soku":10,"api_slot_num":4},"5728":{"api_id":5728,"api_name":"節分Johnston","api_yomi":"ジョンストン","api_stype":2,"api_soku":10,"api_slot_num":2},"5729":{"api_id":5729,"api_name":"節分Johnston改","api_yomi":"ジョンストン","api_stype":2,"api_soku":10,"api_slot_num":3},"5730":{"api_id":5730,"api_name":"節分神鷹","api_yomi":"しんよう","api_stype":7,"api_soku":5,"api_slot_num":3},"5731":{"api_id":5731,"api_name":"バレンタイン藤波","api_yomi":"ふじなみ","api_stype":2,"api_soku":10,"api_slot_num":2},"5732":{"api_id":5732,"api_name":"バレンタイン第四号海防艦","api_yomi":"だいよんごう","api_stype":1,"api_soku":5,"api_slot_num":1},"5733":{"api_id":5733,"api_name":"バレンタイン鵜来","api_yomi":"うくる","api_stype":1,"api_soku":5,"api_slot_num":2},"5734":{"api_id":5734,"api_name":"バレンタインNorthampton","api_yomi":"ノーザンプトン","api_stype":5,"api_soku":10,"api_slot_num":4}}